secID,ticker,secShortName,endDate,NAV,publishDate,ACCUM_NAV,currencyCd,ADJUST_NAV,MA_5,MA_20,MA_60,EMA_5,EMA_20,EMA_60
000950.OFCN,950,易方达沪深300非银行金融ETF联接,2016-08-10,0.7332,2016-08-11,0.7332,CNY,0.7332,0.73018,0.7384749999999988,0.7240966666666672,0.7314175525995587,0.7339538317867844,0.7285944989646981
000950.OFCN,950,易方达沪深300非银行金融ETF联接,2016-08-09,0.7356,2016-08-10,0.7356,CNY,0.7356,0.7283200000000002,0.7398549999999988,0.7233200000000005,0.730526328899338,0.7340331825011828,0.7284383796847067
000950.OFCN,950,易方达沪深300非银行金融ETF联接,2016-08-08,0.7307,2016-08-09,0.7307,CNY,0.7307,0.7262000000000002,0.7409899999999988,0.7224633333333338,0.7279894933490069,0.7338682543434126,0.7281956119283894
000950.OFCN,950,易方达沪深300非银行金融ETF联接,2016-08-05,0.7263,2016-08-06,0.7263,CNY,0.7263,0.7245400000000001,0.7415199999999988,0.7217450000000005,0.7266342400235102,0.734201754800614,0.7281107170682418
000950.OFCN,950,易方达沪深300非银行金融ETF联接,2016-08-04,0.7251,2016-08-05,0.7251,CNY,0.7251,0.72474,0.7423399999999988,0.7209833333333339,0.7268013600352653,0.7350335184638366,0.7281720975689138
000950.OFCN,950,易方达沪深300非银行金融ETF联接,2016-08-03,0.7239,2016-08-04,0.7239,CNY,0.7239,0.7259800000000001,0.7432299999999988,0.7202683333333338,0.727652040052898,0.7360791519863457,0.7282762369275073
000950.OFCN,950,易方达沪深300非银行金融ETF联接,2016-08-02,0.725,2016-08-03,0.725,CNY,0.725,0.7296199999999999,0.7441549999999988,0.7195983333333339,0.7295280600793469,0.7373611679849084,0.7284245846164711
000950.OFCN,950,易方达沪深300非银行金融ETF联接,2016-08-01,0.7224,2016-08-02,0.7224,CNY,0.7224,0.7349,0.7451249999999988,0.7191666666666673,0.7317920901190204,0.7386623435622671,0.7285406727762825
000950.OFCN,950,易方达沪深300非银行金融ETF联接,2016-07-29,0.7273,2016-07-30,0.7273,CNY,0.7273,0.73904,0.7462749999999988,0.7191550000000005,0.7364881351785304,0.7403741692004004,0.7287488321871393
000950.OFCN,950,易方达沪深300非银行金融ETF联接,2016-07-28,0.7313,2016-07-29,0.7313,CNY,0.7313,0.74238,0.7463649999999988,0.7190550000000006,0.7410822027677956,0.7417503975372847,0.7287979453894183
000950.OFCN,950,易方达沪深300非银行金融ETF联接,2016-07-27,0.7421,2016-07-28,0.7421,CNY,0.7421,0.74624,0.7463049999999989,0.7189266666666672,0.7459733041516934,0.7428504393833146,0.7287131295382627
000950.OFCN,950,易方达沪深300非银行金融ETF联接,2016-07-26,0.7514,2016-07-27,0.7514,CNY,0.7514,0.7468400000000001,0.745669999999999,0.7184616666666671,0.74790995622754,0.7429294330026109,0.7282593348817935
000950.OFCN,950,易方达沪深300非银行金融ETF联接,2016-07-25,0.7431,2016-07-26,0.7431,CNY,0.7431,0.7461800000000001,0.744484999999999,0.7178900000000006,0.7461649343413099,0.7420377943713068,0.7274749011995673
000950.OFCN,950,易方达沪深300非银行金融ETF联接,2016-07-22,0.7440000000000001,2016-07-23,0.7440000000000001,CNY,0.7440000000000001,0.7468800000000001,0.7432799999999988,0.7174566666666673,0.7476974015119648,0.7419259832524969,0.7269452337923475
000950.OFCN,950,易方达沪深300非银行金融ETF联接,2016-07-21,0.7506,2016-07-22,0.7506,CNY,0.7506,0.7494200000000001,0.7415249999999989,0.7171600000000006,0.7495461022679472,0.7417076657001281,0.7263671026924116
000950.OFCN,950,易方达沪深300非银行金融ETF联接,2016-07-20,0.7451,2016-07-21,0.7451,CNY,0.7451,0.7515000000000002,0.7399199999999989,0.716668333333334,0.7490191534019207,0.740771630510668,0.7255456435047777
000950.OFCN,950,易方达沪深300非银行金融ETF联接,2016-07-19,0.7481,2016-07-20,0.7481,CNY,0.7481,0.7546400000000002,0.7387399999999988,0.7163816666666672,0.7509787301028811,0.7403160126696856,0.7248827797564079
000950.OFCN,950,易方达沪深300非银行金融ETF联接,2016-07-18,0.7466,2016-07-19,0.7466,CNY,0.7466,0.7566800000000002,0.7369899999999989,0.7159700000000006,0.7524180951543216,0.7394966455822841,0.7240957501780362
000950.OFCN,950,易方达沪深300非银行金融ETF联接,2016-07-15,0.7567,2016-07-16,0.7567,CNY,0.7567,0.7556200000000002,0.7351099999999989,0.7156966666666672,0.7553271427314823,0.7387489240646299,0.7233328890774378
000950.OFCN,950,易方达沪深300非银行金融ETF联接,2016-07-14,0.7609999999999999,2016-07-15,0.7609999999999999,CNY,0.7609999999999999,0.7528200000000003,0.7326399999999988,0.7153450000000005,0.7546407140972233,0.7368593371240646,0.7222017926393725
000950.OFCN,950,易方达沪深300非银行金融ETF联接,2016-07-13,0.7608,2016-07-14,0.7608,CNY,0.7608,0.7492000000000003,0.7297349999999989,0.7148500000000003,0.7514610711458349,0.7343182147160714,0.7208865896335371
000950.OFCN,950,易方达沪深300非银行金融ETF联接,2016-07-12,0.7583,2016-07-13,0.7583,CNY,0.7583,0.7455200000000003,0.727134999999999,0.7145700000000003,0.7467916067187523,0.7315306583703948,0.7195335825293316
000950.OFCN,950,易方达沪深300非银行金融ETF联接,2016-07-11,0.7413,2016-07-12,0.7413,CNY,0.7413,0.7427400000000002,0.724304999999999,0.7143700000000003,0.7410374100781285,0.7287128329356994,0.7182194564977666
000950.OFCN,950,易方达沪深300非银行金融ETF联接,2016-07-08,0.7427,2016-07-09,0.7427,CNY,0.7427,0.7435600000000002,0.7220349999999989,0.7143933333333335,0.7409061151171927,0.7273878679815626,0.7174370589230952
000950.OFCN,950,易方达沪深300非银行金融ETF联接,2016-07-07,0.7429,2016-07-08,0.7429,CNY,0.7429,0.7408400000000002,0.720929999999999,0.7141516666666669,0.740009172675789,0.7257760646112007,0.7165806809441798
000950.OFCN,950,易方达沪深300非银行金融ETF联接,2016-07-06,0.7424,2016-07-07,0.7424,CNY,0.7424,0.7382800000000003,0.7199499999999989,0.713921666666667,0.7385637590136835,0.7239735450965902,0.715688492995007
000950.OFCN,950,易方达沪深300非银行金融ETF联接,2016-07-05,0.7444,2016-07-06,0.7444,CNY,0.7444,0.7356800000000004,0.7188749999999989,0.7134550000000003,0.7366456385205253,0.7220339182646522,0.7147830101622847
000950.OFCN,950,易方达沪深300非银行金融ETF联接,2016-07-04,0.7454,2016-07-05,0.7454,CNY,0.7454,0.7323400000000004,0.7179599999999989,0.7131183333333337,0.7327684577807879,0.7196795938714579,0.7137790352124322
000950.OFCN,950,易方达沪深300非银行金融ETF联接,2016-07-01,0.7291,2016-07-02,0.7291,CNY,0.7291,0.7270600000000005,0.716929999999999,0.7129883333333338,0.7264526866711819,0.7169721827000323,0.7127071279536424
000950.OFCN,950,易方达沪深300非银行金融ETF联接,2016-06-30,0.7301,2016-07-01,0.7301,CNY,0.7301,0.7230200000000004,0.7165849999999989,0.7132116666666671,0.7251290300067728,0.7156955703526673,0.7121514319369083
000950.OFCN,950,易方达沪深300非银行金融ETF联接,2016-06-29,0.7294,2016-06-30,0.7294,CNY,0.7294,0.7207000000000005,0.7166149999999989,0.7132700000000004,0.7226435450101591,0.7141793146003165,0.7115429997439568
000950.OFCN,950,易方达沪深300非银行金融ETF联接,2016-06-28,0.7277,2016-06-29,0.7277,,0.7277,0.7191200000000004,0.714809999999999,0.7133733333333337,0.7192653175152386,0.7125771371898235,0.7109376713682288
000950.OFCN,950,易方达沪深300非银行金融ETF联接,2016-06-27,0.7190000000000001,2016-06-28,0.7190000000000001,CNY,0.7190000000000001,0.7162000000000004,0.712879999999999,0.7135050000000004,0.7150479762728578,0.7109852568940155,0.7103694506918987
000950.OFCN,950,易方达沪深300非银行金融ETF联接,2016-06-24,0.7089,2016-06-25,0.7089,CNY,0.7089,0.7142000000000003,0.711489999999999,0.713436666666667,0.7130719644092866,0.7101415997249645,0.7100768864264612
000950.OFCN,950,易方达沪深300非银行金融ETF联接,2016-06-23,0.7185,2016-06-24,0.7185,CNY,0.7185,0.7138800000000003,0.710489999999999,0.7135966666666671,0.7151579466139297,0.7102722944328556,0.7101167813428916
000950.OFCN,950,易方达沪深300非银行金融ETF联接,2016-06-22,0.7215,2016-06-23,0.7215,CNY,0.7215,0.7107600000000003,0.708974999999999,0.7138466666666671,0.7134869199208945,0.7094062201626298,0.7098326010419598
000950.OFCN,950,易方达沪深300非银行金融ETF联接,2016-06-21,0.7131,2016-06-22,0.7131,CNY,0.7131,0.7082200000000004,0.707644999999999,0.7139216666666671,0.7094803798813417,0.7081331907060645,0.7094370911040385
000950.OFCN,950,易方达沪深300非银行金融ETF联接,2016-06-20,0.7090000000000001,2016-06-21,0.7090000000000001,CNY,0.7090000000000001,0.7059400000000003,0.7066899999999989,0.7145533333333337,0.7076705698220126,0.707610368675124,0.709312923114047
000950.OFCN,950,易方达沪深300非银行金融ETF联接,2016-06-17,0.7073,2016-06-18,0.7073,CNY,0.7073,0.7033200000000003,0.705684999999999,0.7150916666666671,0.7070058547330188,0.707464091693558,0.7093235308173856
000950.OFCN,950,易方达沪深300非银行金融ETF联接,2016-06-16,0.7029,2016-06-17,0.7029,CNY,0.7029,0.7059800000000003,0.704864999999999,0.7159650000000004,0.7068587820995281,0.7074813645034063,0.7093921260193937
000950.OFCN,950,易方达沪深300非银行金融ETF联接,2016-06-15,0.7088,2016-06-16,0.7088,CNY,0.7088,0.7100600000000002,0.704079999999999,0.7161083333333338,0.7088381731492922,0.7079636133985017,0.7096122011959853
000950.OFCN,950,易方达沪深300非银行金融ETF联接,2016-06-14,0.7017,2016-06-15,0.7017,CNY,0.7017,0.7124800000000002,0.702969999999999,0.7158833333333339,0.7088572597239383,0.707875572703607,0.7096397338419437
000950.OFCN,950,易方达沪深300非银行金融ETF联接,2016-06-13,0.6959,2016-06-14,0.6959,CNY,0.6959,0.7173600000000002,0.702094999999999,0.7156000000000005,0.7124358895859074,0.7085256329881973,0.7099088814252762
000950.OFCN,950,易方达沪深300非银行金融ETF联接,2016-06-08,0.7206,2016-06-09,0.7206,CNY,0.7206,0.7231400000000002,0.701679999999999,0.7153000000000005,0.7207038343788611,0.7098546469869549,0.7103837661739899
000950.OFCN,950,易方达沪深300非银行金融ETF联接,2016-06-07,0.7233,2016-06-08,0.7233,CNY,0.7233,0.7234600000000003,0.6996799999999991,0.7145800000000004,0.7207557515682916,0.7087235571961081,0.7100374475741682
000950.OFCN,950,易方达沪深300非银行金融ETF联接,2016-06-06,0.7209,2016-06-07,0.7209,CNY,0.7209,0.7249400000000004,0.697624999999999,0.7136416666666672,0.7194836273524374,0.7071891947956985,0.7095878620246369
000950.OFCN,950,易方达沪深300非银行金融ETF联接,2016-06-03,0.7261,2016-06-04,0.7261,CNY,0.7261,0.7194200000000002,0.6957649999999991,0.7126100000000004,0.7187754410286561,0.7057459521426142,0.7092043931054417
000950.OFCN,950,易方达沪深300非银行金融ETF联接,2016-06-02,0.7248,2016-06-03,0.7248,CNY,0.7248,0.7120200000000002,0.694414999999999,0.7117950000000004,0.7151131615429841,0.703603420789205,0.7086316504534536
000950.OFCN,950,易方达沪深300非银行金融ETF联接,2016-06-01,0.7222,2016-06-02,0.7222,CNY,0.7222,0.7053000000000004,0.694259999999999,0.7110833333333336,0.7102697423144761,0.7013722019249109,0.708083560701246
000950.OFCN,950,易方达沪深300非银行金融ETF联接,2016-05-31,0.7307,2016-06-01,0.7307,CNY,0.7307,0.6986400000000004,0.694214999999999,0.710391666666667,0.7043046134717142,0.6991798021275331,0.7076050282121165
000950.OFCN,950,易方达沪深300非银行金融ETF联接,2016-05-30,0.6933,2016-05-31,0.6933,CNY,0.6933,0.6901400000000003,0.6938599999999989,0.7095800000000004,0.6911069202075714,0.6958618865620102,0.7068221323809121
000950.OFCN,950,易方达沪深300非银行金融ETF联接,2016-05-27,0.6891,2016-05-28,0.6891,CNY,0.6891,0.6904600000000004,0.6949049999999989,0.7092150000000004,0.690010380311357,0.6961315588316955,0.7072805190912701
000950.OFCN,950,易方达沪深300非银行金融ETF联接,2016-05-26,0.6912,2016-05-27,0.6912,CNY,0.6912,0.6914400000000003,0.696304999999999,0.7089300000000003,0.6904655704670354,0.6968717229192424,0.7078968208594588
000950.OFCN,950,易方达沪深300非银行金融ETF联接,2016-05-25,0.6889,2016-05-26,0.6889,CNY,0.6889,0.6909800000000003,0.6975999999999989,0.7080966666666668,0.690098355700553,0.6974687463844258,0.7084628271168706
000950.OFCN,950,易方达沪深300非银行金融ETF联接,2016-05-24,0.6882,2016-05-25,0.6882,CNY,0.6882,0.6913800000000002,0.6994649999999989,0.7070016666666669,0.6906975335508295,0.6983707196880496,0.7091259887349284
000950.OFCN,950,易方达沪深300非银行金融ETF联接,2016-05-23,0.6949,2016-05-24,0.6949,CNY,0.6949,0.6911800000000002,0.7011099999999989,0.7061633333333336,0.6919463003262443,0.699441321760476,0.7098353608037649
000950.OFCN,950,易方达沪深300非银行金融ETF联接,2016-05-20,0.6940000000000001,2016-05-21,0.6940000000000001,CNY,0.6940000000000001,0.6895200000000001,0.7027599999999989,0.7051250000000003,0.6904694504893664,0.6999193556299997,0.7103416564101344
000950.OFCN,950,易方达沪深300非银行金融ETF联接,2016-05-19,0.6889,2016-05-20,0.6889,CNY,0.6889,0.6875600000000002,0.7042299999999988,0.7049116666666669,0.6887041757340495,0.7005424456963155,0.7108956246538506
000950.OFCN,950,易方达沪深300非银行金融ETF联接,2016-05-18,0.6909,2016-05-19,0.6909,CNY,0.6909,0.6873000000000001,0.7062949999999988,0.704731666666667,0.6886062636010742,0.7017679662959277,0.7116412582380338
000950.OFCN,950,易方达沪深300非银行金融ETF联接,2016-05-17,0.6872,2016-05-18,0.6872,CNY,0.6872,0.6852400000000001,0.7085299999999989,0.704701666666667,0.6874593954016114,0.7029119627481307,0.7123443704458476
000950.OFCN,950,易方达沪深300非银行金融ETF联接,2016-05-16,0.6866,2016-05-17,0.6866,CNY,0.6866,0.6842400000000002,0.7107349999999988,0.704341666666667,0.687589093102417,0.7045658535637234,0.7131967454349534
000950.OFCN,950,易方达沪深300非银行金融ETF联接,2016-05-13,0.6842,2016-05-14,0.6842,CNY,0.6842,0.6836600000000002,0.7136049999999987,0.7039500000000004,0.6880836396536254,0.7064569960441154,0.7140983556697639
000950.OFCN,950,易方达沪深300非银行金融ETF联接,2016-05-12,0.6876,2016-05-13,0.6876,CNY,0.6876,0.6866400000000003,0.7167099999999987,0.7036200000000005,0.690025459480438,0.7087998377329697,0.7151118890561184
000950.OFCN,950,易方达沪深300非银行金融ETF联接,2016-05-11,0.6806,2016-05-12,0.6806,CNY,0.6806,0.6934600000000003,0.7194649999999987,0.7031733333333338,0.691238189220657,0.7110313995995982,0.7160445238198694
000950.OFCN,950,易方达沪深300非银行金融ETF联接,2016-05-10,0.6822,2016-05-11,0.6822,CNY,0.6822,0.7016000000000003,0.7218449999999986,0.7024433333333338,0.6965572838309856,0.7142347048206086,0.7172460708710927
000950.OFCN,950,易方达沪深300非银行金融ETF联接,2016-05-09,0.6837,2016-05-10,0.6837,CNY,0.6837,0.7098800000000004,0.7241899999999987,0.7018216666666671,0.7037359257464783,0.7176067790122518,0.7184341118840705
000950.OFCN,950,易方达沪深300非银行金融ETF联接,2016-05-06,0.6991,2016-05-07,0.6991,CNY,0.6991,0.7159800000000003,0.7257249999999986,0.701401666666667,0.7137538886197173,0.7211759136451206,0.7196115789696703
000950.OFCN,950,易方达沪深300非银行金融ETF联接,2016-05-05,0.7217,2016-05-06,0.7217,CNY,0.7217,0.7195800000000003,0.7269799999999986,0.7005850000000003,0.7210808329295759,0.7234996940288175,0.7203069108872177
000950.OFCN,950,易方达沪深300非银行金融ETF联接,2016-05-04,0.7213,2016-05-05,0.7213,CNY,0.7213,0.7186600000000003,0.7277749999999987,0.6994783333333336,0.7207712493943639,0.7236891355055352,0.7202596858312481
000950.OFCN,950,易方达沪深300非银行金融ETF联接,2016-05-03,0.7236,2016-05-04,0.7236,CNY,0.7236,0.7196400000000003,0.7288349999999987,0.6981400000000003,0.7205068740915458,0.7239406234534862,0.7202244196345535
000950.OFCN,950,易方达沪深300非银行金融ETF联接,2016-04-29,0.7142,2016-04-30,0.7142,CNY,0.7142,0.7191400000000001,0.7293349999999987,0.6969600000000004,0.7189603111373186,0.7239764785538533,0.7201099887880246
000950.OFCN,950,易方达沪深300非银行金融ETF联接,2016-04-28,0.7171,2016-04-29,0.7171,CNY,0.7171,0.7218800000000002,0.7304049999999986,0.6954650000000003,0.721340466705978,0.7250055815595221,0.7203103353438728
000950.OFCN,950,易方达沪深300非银行金融ETF联接,2016-04-27,0.7171,2016-04-28,0.7171,CNY,0.7171,0.7231400000000001,0.7313299999999987,0.6940800000000003,0.7234607000589669,0.7258377480394719,0.7204191647372673
000950.OFCN,950,易方达沪深300非银行金融ETF联接,2016-04-26,0.7262,2016-04-27,0.7262,CNY,0.7262,0.72576,0.7312199999999986,0.6927983333333336,0.7266410500884504,0.7267575109909953,0.720531683570599
000950.OFCN,950,易方达沪深300非银行金融ETF联接,2016-04-25,0.7211,2016-04-26,0.7211,CNY,0.7211,0.7276400000000001,0.7308349999999987,0.6921483333333336,0.7268615751326756,0.7268161963584685,0.7203395288209833
000950.OFCN,950,易方达沪深300非银行金融ETF联接,2016-04-22,0.7279,2016-04-23,0.7279,CNY,0.7279,0.72968,0.7314549999999986,0.6915633333333335,0.7297423626990134,0.7274179012383073,0.7203137489676287
000950.OFCN,950,易方达沪深300非银行金融ETF联接,2016-04-21,0.7234,2016-04-22,0.7234,CNY,0.7234,0.7329000000000001,0.7313599999999986,0.6907583333333336,0.73066354404852,0.7273671540002343,0.7200565758554321
000950.OFCN,950,易方达沪深300非银行金融ETF联接,2016-04-20,0.7302,2016-04-21,0.7302,CNY,0.7302,0.73748,0.7327399999999986,0.6903933333333337,0.7342953160727799,0.7277847491581537,0.7199432339483538
000950.OFCN,950,易方达沪深300非银行金融ETF联接,2016-04-19,0.7356,2016-04-20,0.7356,CNY,0.7356,0.7399800000000001,0.7332949999999986,0.6901250000000004,0.7363429741091697,0.727530512227433,0.7195955295335814
000950.OFCN,950,易方达沪深300非银行金融ETF联接,2016-04-18,0.7313,2016-04-19,0.7313,CNY,0.7313,0.7385000000000002,0.7344999999999986,0.6894600000000005,0.7367144611637545,0.7266810924618996,0.7190529769915887
000950.OFCN,950,易方达沪深300非银行金融ETF联接,2016-04-15,0.7440000000000001,2016-04-16,0.7440000000000001,CNY,0.7440000000000001,0.7380600000000002,0.7335099999999987,0.6888583333333339,0.7394216917456318,0.7261948916684152,0.7186378014221445
000950.OFCN,950,易方达沪深300非银行金融ETF联接,2016-04-14,0.7463,2016-04-15,0.7463,CNY,0.7463,0.7321400000000002,0.7310749999999986,0.6883816666666672,0.7371325376184475,0.7243206697387744,0.7177780182440295
000950.OFCN,950,易方达沪深300非银行金融ETF联接,2016-04-13,0.7427,2016-04-14,0.7427,CNY,0.7427,0.7277200000000001,0.7279949999999986,0.6876416666666674,0.7325488064276713,0.7220070560270659,0.7168111160213552
000950.OFCN,950,易方达沪深300非银行金融ETF联接,2016-04-12,0.7282,2016-04-13,0.7282,CNY,0.7282,0.7267000000000002,0.7247549999999986,0.6870616666666673,0.7274732096415069,0.7198288513983356,0.7159334747591695
000950.OFCN,950,易方达沪深300非银行金融ETF联接,2016-04-11,0.7291,2016-04-12,0.7291,CNY,0.7291,0.7295600000000002,0.7222149999999987,0.686578333333334,0.7271098144622602,0.7189476778613181,0.7155176348829873
000950.OFCN,950,易方达沪深300非银行金融ETF联接,2016-04-08,0.7144,2016-04-09,0.7144,CNY,0.7144,0.7304600000000002,0.7191099999999986,0.686928333333334,0.7261147216933903,0.7178790123730355,0.7150571865782541
000950.OFCN,950,易方达沪深300非银行金融ETF联接,2016-04-07,0.7242,2016-04-08,0.7242,CNY,0.7242,0.7347000000000001,0.7163399999999986,0.6872766666666674,0.7319720825400854,0.7182452242017764,0.7150794655475379
000950.OFCN,950,易方达沪深300非银行金融ETF联接,2016-04-06,0.7376,2016-04-07,0.7376,CNY,0.7376,0.7369800000000002,0.7139899999999988,0.688398333333334,0.735858123810128,0.7176184056967,0.7147702739655863
000950.OFCN,950,易方达沪深300非银行金融ETF联接,2016-04-05,0.7425,2016-04-06,0.7425,CNY,0.7425,0.7324400000000002,0.7112149999999987,0.6891600000000007,0.7349871857151921,0.7155150799805624,0.7139963308005502
000950.OFCN,950,易方达沪深300非银行金融ETF联接,2016-04-01,0.7336,2016-04-02,0.7336,CNY,0.7336,0.7276400000000003,0.7081249999999988,0.6897666666666673,0.731230778572788,0.7126745620837783,0.7130300348299342
000950.OFCN,950,易方达沪深300非银行金融ETF联接,2016-03-31,0.7356,2016-04-01,0.7356,CNY,0.7356,0.7276200000000003,0.7055449999999988,0.6915883333333339,0.7300461678591819,0.7104718844083858,0.7123326957238103
000950.OFCN,950,易方达沪深300非银行金融ETF联接,2016-03-30,0.7356,2016-03-31,0.7356,CNY,0.7356,0.7257000000000002,0.7023349999999988,0.693483333333334,0.7272692517887727,0.7078268196092673,0.7115439125553547
000950.OFCN,950,易方达沪深300非银行金融ETF联接,2016-03-29,0.7149,2016-03-30,0.7149,CNY,0.7149,0.7287800000000002,0.6991549999999989,0.6954516666666674,0.723103877683159,0.7049033269365571,0.7107283867691015
000950.OFCN,950,易方达沪深300非银行金融ETF联接,2016-03-28,0.7185,2016-03-29,0.7185,CNY,0.7185,0.7340600000000003,0.6954699999999988,0.6976100000000007,0.7272058165247385,0.7038510455614573,0.7105869644622564
000950.OFCN,950,易方达沪深300非银行金融ETF联接,2016-03-25,0.7335,2016-03-26,0.7335,CNY,0.7335,0.7423000000000004,0.6907049999999988,0.7002433333333341,0.7315587247871076,0.7023090503573992,0.710318703045481
000950.OFCN,950,易方达沪深300非银行金融ETF联接,2016-03-24,0.726,2016-03-25,0.726,CNY,0.726,0.7379000000000004,0.6859249999999989,0.7025850000000008,0.7305880871806614,0.6990257925002811,0.7095328269364383
000950.OFCN,950,易方达沪深300非银行金融ETF联接,2016-03-23,0.7509999999999999,2016-03-24,0.7509999999999999,CNY,0.7509999999999999,0.7317600000000005,0.681254999999999,0.7054016666666675,0.7328821307709921,0.6961864022371507,0.7089745666854701
000950.OFCN,950,易方达沪深300非银行金融ETF联接,2016-03-22,0.7413,2016-03-23,0.7413,CNY,0.7413,0.7185000000000004,0.677764999999999,0.7076033333333343,0.7238231961564882,0.6904165498410564,0.707549841171751
000950.OFCN,950,易方达沪深300非银行金融ETF联接,2016-03-21,0.7597,2016-03-22,0.7597,CNY,0.7597,0.7058200000000003,0.674604999999999,0.7098233333333341,0.7150847942347323,0.6850603971927417,0.7064056562690196
000950.OFCN,950,易方达沪深300非银行金融ETF联接,2016-03-18,0.7115,2016-03-19,0.7115,CNY,0.7115,0.6893600000000003,0.671074999999999,0.7114383333333341,0.6927771913520984,0.6772035968972328,0.7045988859464124
000950.OFCN,950,易方达沪深300非银行金融ETF联接,2016-03-17,0.6953,2016-03-18,0.6953,CNY,0.6953,0.6804600000000003,0.6687799999999988,0.7139216666666675,0.6834157870281474,0.6735934492022007,0.704364925457056
000950.OFCN,950,易方达沪深300非银行金融ETF联接,2016-03-16,0.6847,2016-03-17,0.6847,CNY,0.6847,0.6732000000000001,0.6671699999999989,0.716508333333334,0.677473680542221,0.6713085491182188,0.7046722442296613
000950.OFCN,950,易方达沪深300非银行金融ETF联接,2016-03-15,0.6779,2016-03-16,0.6779,CNY,0.6779,0.6717000000000001,0.6661549999999989,0.7192450000000007,0.6738605208133315,0.6698989227096084,0.7053493450030993
000950.OFCN,950,易方达沪深300非银行金融ETF联接,2016-03-14,0.6774,2016-03-15,0.6774,CNY,0.6774,0.67254,0.665299999999999,0.7224350000000007,0.6718407812199971,0.6690567040474606,0.7062799386219352
000950.OFCN,950,易方达沪深300非银行金融ETF联接,2016-03-11,0.667,2016-03-12,0.667,CNY,0.667,0.6732,0.663269999999999,0.7247266666666674,0.6690611718299957,0.6681784623682446,0.7072590363634167
000950.OFCN,950,易方达沪深300非银行金融ETF联接,2016-03-10,0.659,2016-03-11,0.659,CNY,0.659,0.6762,0.662164999999999,0.7271366666666673,0.6700917577449934,0.6683025110385863,0.7086239177598961
000950.OFCN,950,易方达沪深300非银行金融ETF联接,2016-03-09,0.6772,2016-03-10,0.6772,CNY,0.6772,0.6786800000000001,0.662139999999999,0.729638333333334,0.67563763661749,0.6692817227268605,0.7103062989451602
000950.OFCN,950,易方达沪深300非银行金融ETF联接,2016-03-08,0.6821,2016-03-09,0.6821,CNY,0.6821,0.6776400000000001,0.660784999999999,0.7318050000000008,0.6748564549262349,0.6684482198560018,0.7114286943082517
000950.OFCN,950,易方达沪深300非银行金融ETF联接,2016-03-07,0.6807,2016-03-08,0.6807,CNY,0.6807,0.6694600000000002,0.659444999999999,0.7340866666666676,0.6712346823893524,0.6670111903671564,0.7124230228393214
000950.OFCN,950,易方达沪深300非银行金融ETF联接,2016-03-04,0.682,2016-03-05,0.682,CNY,0.682,0.6579600000000002,0.6574599999999989,0.7365966666666675,0.6665020235840285,0.6655702630373793,0.7134985310806599
000950.OFCN,950,易方达沪深300非银行金融ETF联接,2016-03-03,0.6714,2016-03-04,0.6714,CNY,0.6714,0.6491400000000003,0.655999999999999,0.7394683333333342,0.6587530353760428,0.6638408170413088,0.7145664334606886
000950.OFCN,950,易方达沪深300非银行金融ETF联接,2016-03-02,0.672,2016-03-03,0.672,CNY,0.672,0.6413800000000002,0.653654999999999,0.7424833333333342,0.6524295530640641,0.6630451135719702,0.7160299228081072
000950.OFCN,950,易方达沪深300非银行金融ETF联接,2016-03-01,0.6412,2016-03-02,0.6412,CNY,0.6412,0.6432200000000001,0.651754999999999,0.7447200000000008,0.6426443295960962,0.6621024939479636,0.7175226950124105
000950.OFCN,950,易方达沪深300非银行金融ETF联接,2016-02-29,0.6232,2016-03-01,0.6232,CNY,0.6232,0.6506000000000002,0.651704999999999,0.7474433333333342,0.6433664943941442,0.664302756468811,0.7201103216057498
000950.OFCN,950,易方达沪深300非银行金融ETF联接,2016-02-26,0.6379,2016-02-27,0.6379,CNY,0.6379,0.6637800000000001,0.654904999999999,0.750525000000001,0.6534497415912162,0.6686293624129158,0.7233959641540211
000950.OFCN,950,易方达沪深300非银行金融ETF联接,2016-02-25,0.6326,2016-02-26,0.6326,CNY,0.6326,0.6693200000000001,0.657309999999999,0.7543516666666676,0.6612246123868242,0.6718640321406074,0.726294631273872
000950.OFCN,950,易方达沪深300非银行金融ETF联接,2016-02-24,0.6812,2016-02-25,0.6812,CNY,0.6812,0.6754200000000001,0.659659999999999,0.7583850000000009,0.6755369185802362,0.675997088155431,0.7294712856846473
000950.OFCN,950,易方达沪深300非银行金融ETF联接,2016-02-23,0.6781,2016-02-24,0.6781,CNY,0.6781,0.6720600000000003,0.6606749999999989,0.7615516666666676,0.6727053778703542,0.6754494132244203,0.7311079015241996
000950.OFCN,950,易方达沪深300非银行金融ETF联接,2016-02-22,0.6891,2016-02-23,0.6891,CNY,0.6891,0.6686000000000003,0.6624749999999989,0.7645783333333342,0.6700080668055313,0.6751704040901468,0.7329051213644315
000950.OFCN,950,易方达沪深300非银行金融ETF联接,2016-02-19,0.6656,2016-02-20,0.6656,CNY,0.6656,0.6581400000000004,0.662804999999999,0.7675483333333342,0.6604621002082969,0.6737041308364672,0.734390332788291
000950.OFCN,950,易方达沪深300非银行金融ETF联接,2016-02-18,0.6631,2016-02-19,0.6631,CNY,0.6631,0.6540000000000005,0.6642849999999989,0.7711066666666676,0.6578931503124453,0.6745571972403129,0.7367226826620434
000950.OFCN,950,易方达沪深300非银行金融ETF联接,2016-02-17,0.6644,2016-02-18,0.6644,CNY,0.6644,0.6530800000000004,0.6668999999999989,0.7744216666666676,0.6552897254686679,0.6757632180024621,0.739218891523366
000950.OFCN,950,易方达沪深300非银行金融ETF联接,2016-02-16,0.6608,2016-02-17,0.6608,CNY,0.6608,0.6502200000000005,0.668774999999999,0.778125000000001,0.6507345882030018,0.6769593462132596,0.7417556764423787
000950.OFCN,950,易方达沪深300非银行金融ETF联接,2016-02-15,0.6368,2016-02-16,0.6368,CNY,0.6368,0.6491200000000005,0.671129999999999,0.7817833333333343,0.6457018823045025,0.6786603300252005,0.7445005534139407
000950.OFCN,950,易方达沪深300非银行金融ETF联接,2016-02-05,0.6449,2016-02-06,0.6449,CNY,0.6449,0.6499600000000004,0.674249999999999,0.7859550000000008,0.6501528234567537,0.6830666805542233,0.7481522679581007
000950.OFCN,950,易方达沪深300非银行金融ETF联接,2016-02-04,0.6585,2016-02-05,0.6585,CNY,0.6585,0.6515400000000005,0.679509999999999,0.7899566666666674,0.6527792351851306,0.6870842258757751,0.7516531857026277
000950.OFCN,950,易方达沪深300非银行金融ETF联接,2016-02-03,0.6501,2016-02-04,0.6501,CNY,0.6501,0.6447400000000005,0.683349999999999,0.7940000000000008,0.6499188527776958,0.6900930917574808,0.7548117051533101
000950.OFCN,950,易方达沪深300非银行金融ETF联接,2016-02-02,0.6553,2016-02-03,0.6553,CNY,0.6553,0.6415200000000005,0.6904199999999989,0.7980400000000007,0.6498282791665436,0.6943028908899171,0.7583621660390243
000950.OFCN,950,易方达沪深300非银行金融ETF联接,2016-02-01,0.6409999999999999,2016-02-02,0.6409999999999999,CNY,0.6409999999999999,0.6385000000000005,0.696819999999999,0.8018616666666675,0.6470924187498154,0.6984084583520891,0.7618567264062623
000950.OFCN,950,易方达沪深300非银行金融ETF联接,2016-01-29,0.6528,2016-01-30,0.6528,CNY,0.6528,0.6477400000000004,0.703714999999999,0.8060200000000008,0.650138628124723,0.7044514539682211,0.765954689255272
000950.OFCN,950,易方达沪深300非银行金融ETF联接,2016-01-28,0.6245,2016-01-29,0.6245,CNY,0.6245,0.6543800000000004,0.7132199999999991,0.8091100000000009,0.6488079421870845,0.7098884491228927,0.7697915301305087
000950.OFCN,950,易方达沪深300非银行金融ETF联接,2016-01-27,0.634,2016-01-28,0.634,CNY,0.634,0.6654000000000003,0.724459999999999,0.8120533333333343,0.6609619132806267,0.7188767069255254,0.7747181120411195
000950.OFCN,950,易方达沪深300非银行金融ETF联接,2016-01-26,0.6402,2016-01-27,0.6402,CNY,0.6402,0.6789000000000003,0.735444999999999,0.813820000000001,0.67444286992094,0.727811097128457,0.7794896648010126
000950.OFCN,950,易方达沪深300非银行金融ETF联接,2016-01-25,0.6872,2016-01-26,0.6872,CNY,0.6872,0.6936800000000004,0.7456549999999991,0.8154483333333343,0.69156430488141,0.7370333178791003,0.7842128295062916
000950.OFCN,950,易方达沪深300非银行金融ETF联接,2016-01-22,0.6859999999999999,2016-01-23,0.6859999999999999,CNY,0.6859999999999999,0.6953800000000004,0.755119999999999,0.8165766666666677,0.6937464573221148,0.7422789302876022,0.7875024665758674
000950.OFCN,950,易方达沪深300非银行金融ETF联接,2016-01-21,0.6796,2016-01-22,0.6796,CNY,0.6796,0.6972200000000004,0.764519999999999,0.8175383333333344,0.6976196859831723,0.7482030282128321,0.7909443819335712
000950.OFCN,950,易方达沪深300非银行金融ETF联接,2016-01-20,0.7015,2016-01-21,0.7015,CNY,0.7015,0.7043800000000005,0.775289999999999,0.8186333333333343,0.7066295289747584,0.7554243996039519,0.7947200763321021
000950.OFCN,950,易方达沪深300非银行金融ETF联接,2016-01-19,0.7141,2016-01-20,0.7141,CNY,0.7141,0.7044600000000005,0.784369999999999,0.8197516666666675,0.7091942934621376,0.7611006521940981,0.7978812116358609
000950.OFCN,950,易方达沪深300非银行金融ETF联接,2016-01-18,0.6957,2016-01-19,0.6957,CNY,0.6957,0.7032200000000005,0.792389999999999,0.8206366666666676,0.7067414401932064,0.7660480892674083,0.8007223052550416
000950.OFCN,950,易方达沪深300非银行金融ETF联接,2016-01-15,0.6952,2016-01-16,0.6952,CNY,0.6952,0.7039200000000007,0.8004349999999991,0.8216850000000009,0.7122621602898096,0.7734531512959655,0.804283747541329
000950.OFCN,950,易方达沪深300非银行金融ETF联接,2016-01-14,0.7154,2016-01-15,0.7154,CNY,0.7154,0.7149000000000005,0.8086999999999993,0.8225116666666675,0.7207932404347144,0.7816903251170961,0.8079829666410931
000950.OFCN,950,易方达沪深300非银行金融ETF联接,2016-01-13,0.7019,2016-01-14,0.7019,CNY,0.7019,0.7188800000000006,0.8154549999999994,0.8228833333333341,0.7234898606520714,0.7886682540772612,0.8111226578023201
000950.OFCN,950,易方达沪深300非银行金融ETF联接,2016-01-12,0.7079,2016-01-13,0.7079,CNY,0.7079,0.7368000000000007,0.8228049999999995,0.8239000000000007,0.7342847909781071,0.7978017545071274,0.8148266887631629
000950.OFCN,950,易方达沪深300非银行金融ETF联接,2016-01-11,0.6992,2016-01-12,0.6992,CNY,0.6992,0.7518800000000005,0.8308749999999995,0.8247383333333341,0.7474771864671605,0.807265097087605,0.8184529093619478
000950.OFCN,950,易方达沪深300非银行金融ETF联接,2016-01-08,0.7501,2016-01-09,0.7501,CNY,0.7501,0.7678200000000006,0.8366599999999995,0.8255116666666675,0.7716157797007407,0.8186403704662836,0.8224972109299776
000950.OFCN,950,易方达沪深300非银行金融ETF联接,2016-01-07,0.7353,2016-01-08,0.7353,CNY,0.7353,0.7863800000000005,0.8397349999999995,0.8252050000000007,0.7823736695511109,0.8258551463055661,0.8249525023655722
000950.OFCN,950,易方达沪深300非银行金融ETF联接,2016-01-06,0.7915,2016-01-06,0.7915,CNY,0.7915,0.8091800000000007,0.8434249999999995,0.8248250000000007,0.8059105043266662,0.8353872669703704,0.8279930409588849
000950.OFCN,950,易方达沪深300非银行金融ETF联接,2016-01-05,0.7833,2016-01-06,0.7833,CNY,0.7833,0.8216200000000006,0.8442099999999997,0.8236650000000006,0.8131157564899992,0.8400069792836091,0.8292307121533135
000950.OFCN,950,易方达沪深300非银行金融ETF联接,2016-01-04,0.7789,2016-01-05,0.7789,CNY,0.7789,0.8338400000000007,0.8459949999999996,0.8227000000000008,0.8280236347349987,0.8459761349984846,0.8307884908990265
000950.OFCN,950,易方达沪深300非银行金融ETF联接,2015-12-31,0.8429,2016-01-01,0.8429,CNY,0.8429,0.8533600000000007,0.8486149999999995,0.8214116666666674,0.852585452102498,0.8530367807888595,0.8325483635849423
000950.OFCN,950,易方达沪深300非银行金融ETF联接,2015-12-30,0.8493,2015-12-31,0.8493,CNY,0.8493,0.8595800000000008,0.8491849999999994,0.8187316666666674,0.857428178153747,0.8541038103457587,0.8321972666041931
000950.OFCN,950,易方达沪深300非银行金融ETF联接,2015-12-29,0.8537,2015-12-30,0.8537,CNY,0.8537,0.8687200000000008,0.8493349999999994,0.8155833333333341,0.8614922672306203,0.8546094745927735,0.831617181448242
000950.OFCN,950,易方达沪深300非银行金融ETF联接,2015-12-28,0.8444,2015-12-29,0.8444,CNY,0.8444,0.8746000000000007,0.8469599999999995,0.8123366666666674,0.8653884008459304,0.8547052087604532,0.8308681688061795
000950.OFCN,950,易方达沪深300非银行金融ETF联接,2015-12-25,0.8765,2015-12-26,0.8765,CNY,0.8765,0.8806200000000007,0.8449699999999994,0.8094366666666674,0.8758826012688955,0.8557899675775862,0.8304091822994462
000950.OFCN,950,易方达沪深300非银行金融ETF联接,2015-12-24,0.8740000000000001,2015-12-25,0.8740000000000001,CNY,0.8740000000000001,0.8766400000000008,0.8415499999999995,0.8059716666666674,0.8755739019033433,0.8536099641641604,0.8288457943570136
000950.OFCN,950,易方达沪深300非银行金融ETF联接,2015-12-23,0.895,2015-12-24,0.895,CNY,0.895,0.8739400000000007,0.8412249999999994,0.8027466666666674,0.8763608528550149,0.8514636446019052,0.8273141432291221
000950.OFCN,950,易方达沪深300非银行金融ETF联接,2015-12-22,0.8831,2015-12-23,0.8831,CNY,0.8831,0.8650400000000008,0.8402049999999995,0.7990816666666674,0.8670412792825222,0.8468808703480869,0.8250181574271439
000950.OFCN,950,易方达沪深300非银行金融ETF联接,2015-12-21,0.8745,2015-12-22,0.8745,CNY,0.8745,0.858200000000001,0.8396099999999997,0.7959900000000008,0.8590119189237831,0.8430683303834521,0.8230479062386296
000950.OFCN,950,易方达沪深300非银行金融ETF联接,2015-12-18,0.8566,2015-12-19,0.8566,CNY,0.8566,0.8571600000000009,0.8388699999999997,0.792708333333334,0.8512678783856746,0.8397597335804868,0.8213025079418121
000950.OFCN,950,易方达沪深300非银行金融ETF联接,2015-12-17,0.8605,2015-12-18,0.8605,CNY,0.8605,0.8488200000000008,0.8394049999999996,0.7895833333333341,0.8486018175785119,0.8379870739566557,0.8201050894074973
000950.OFCN,950,易方达沪深300非银行金融ETF联接,2015-12-16,0.8505,2015-12-17,0.8505,CNY,0.8505,0.8390400000000009,0.8403349999999996,0.786318333333334,0.8426527263677678,0.8356172922668121,0.8187347133246293
000950.OFCN,950,易方达沪深300非银行金融ETF联接,2015-12-15,0.8489,2015-12-16,0.8489,CNY,0.8489,0.8307600000000008,0.8409099999999995,0.7834783333333342,0.8387290895516516,0.8340506914520103,0.8176570644909619
000950.OFCN,950,易方达沪深300非银行金融ETF联接,2015-12-14,0.8693,2015-12-15,0.8693,CNY,0.8693,0.8224200000000007,0.8427949999999995,0.7800650000000008,0.8336436343274773,0.8324876063408331,0.8165971079308164
000950.OFCN,950,易方达沪深300非银行金融ETF联接,2015-12-11,0.8149,2015-12-12,0.8149,CNY,0.8149,0.8123600000000006,0.8433449999999996,0.7767100000000008,0.815815451491216,0.8286126175322415,0.8148090448680723
000950.OFCN,950,易方达沪深300非银行金融ETF联接,2015-12-10,0.8116,2015-12-11,0.8116,CNY,0.8116,0.8156400000000007,0.8469549999999995,0.7745300000000007,0.816273177236824,0.8300560509576609,0.8148059589232703
000950.OFCN,950,易方达沪深300非银行金融ETF联接,2015-12-09,0.8091,2015-12-10,0.8091,CNY,0.8091,0.8241800000000007,0.8506249999999996,0.7724900000000008,0.8186097658552359,0.831998793165178,0.8149147346232596
000950.OFCN,950,易方达沪深300非银行金融ETF联接,2015-12-08,0.8072,2015-12-09,0.8072,CNY,0.8072,0.8328200000000006,0.8552249999999996,0.7706766666666673,0.8233646487828539,0.8344091924477081,0.8151120301598573
000950.OFCN,950,易方达沪深300非银行金融ETF联接,2015-12-07,0.8190000000000001,2015-12-08,0.8190000000000001,CNY,0.8190000000000001,0.8326200000000007,0.8594899999999994,0.7686100000000007,0.8314469731742806,0.8372733179711264,0.8153804960902562
000950.OFCN,950,易方达沪深300非银行金融ETF联接,2015-12-04,0.8313,2015-12-05,0.8313,CNY,0.8313,0.8297400000000007,0.8627699999999994,0.7660066666666673,0.8376704597614208,0.8391968251279169,0.8152576773465944
000950.OFCN,950,易方达沪深300非银行金融ETF联接,2015-12-03,0.8543,2015-12-04,0.8543,CNY,0.8543,0.8251000000000006,0.8657299999999994,0.7634750000000007,0.8408556896421312,0.8400280698791481,0.8147133029517301
000950.OFCN,950,易方达沪深300非银行金融ETF联接,2015-12-02,0.8523,2015-12-03,0.8523,CNY,0.8523,0.8277400000000006,0.8649249999999995,0.7606350000000006,0.8341335344631968,0.8385257614435281,0.8133699347749052
000950.OFCN,950,易方达沪深300非银行金融ETF联接,2015-12-01,0.8062,2015-12-02,0.8062,CNY,0.8062,0.8322000000000006,0.8623649999999996,0.7577350000000006,0.8250503016947952,0.837075841593509,0.8120488010273296
000950.OFCN,950,易方达沪深300非银行金融ETF联接,2015-11-30,0.8046,2015-12-01,0.8046,CNY,0.8046,0.8452000000000007,0.8590549999999995,0.7556816666666674,0.8344754525421928,0.8403259301871788,0.8122472938955801
000950.OFCN,950,易方达沪深300非银行金融ETF联接,2015-11-27,0.8081,2015-11-28,0.8081,CNY,0.8081,0.8562200000000008,0.8557199999999995,0.7532700000000007,0.8494131788132891,0.8440865544236482,0.8125068330008164
000950.OFCN,950,易方达沪深300非银行金融ETF联接,2015-11-26,0.8675,2015-11-27,0.8675,CNY,0.8675,0.8680600000000009,0.8530599999999995,0.7500416666666674,0.8700697682199336,0.8478746127909795,0.8126564011613676
000950.OFCN,950,易方达沪深300非银行金融ETF联接,2015-11-25,0.8746,2015-11-26,0.8746,CNY,0.8746,0.870380000000001,0.8468699999999995,0.7458966666666673,0.8713546523299004,0.8458087825542635,0.8107949286052164
000950.OFCN,950,易方达沪深300非银行金融ETF联接,2015-11-24,0.8712,2015-11-25,0.8712,CNY,0.8712,0.867860000000001,0.8404049999999994,0.7424866666666674,0.8697319784948505,0.8427781280795014,0.8086291969746736
000950.OFCN,950,易方达沪深300非银行金融ETF联接,2015-11-23,0.8597,2015-11-24,0.8597,CNY,0.8597,0.8709400000000012,0.8352749999999993,0.7402716666666673,0.8689979677422757,0.8397863520804617,0.8065052652409348
000950.OFCN,950,易方达沪深300非银行金融ETF联接,2015-11-20,0.8673,2015-11-21,0.8673,CNY,0.8673,0.8750600000000011,0.8306499999999992,0.7390100000000007,0.8736469516134134,0.8376901786095101,0.8046995156904111
000950.OFCN,950,易方达沪深300非银行金融ETF联接,2015-11-19,0.8791,2015-11-20,0.8791,CNY,0.8791,0.8790200000000011,0.8252149999999994,0.7381200000000007,0.8768204274201201,0.8345733552958197,0.8025743769722733
000950.OFCN,950,易方达沪深300非银行金融ETF联接,2015-11-18,0.862,2015-11-19,0.862,CNY,0.862,0.880200000000001,0.8184999999999993,0.7368733333333339,0.8756806411301801,0.8298863400481301,0.7999763844828193
000950.OFCN,950,易方达沪深300非银行金融ETF联接,2015-11-17,0.8866,2015-11-18,0.8866,CNY,0.8866,0.8880200000000009,0.8122849999999995,0.7367116666666672,0.8825209616952701,0.826505954777547,0.7978706178007428
000950.OFCN,950,易方达沪深300非银行金融ETF联接,2015-11-16,0.8803,2015-11-17,0.8803,CNY,0.8803,0.8892000000000009,0.8060999999999993,0.7363916666666673,0.8804814425429051,0.8201802657809262,0.79485800348948
000950.OFCN,950,易方达沪深300非银行金融ETF联接,2015-11-13,0.8871,2015-11-14,0.8871,CNY,0.8871,0.8900600000000007,0.7999949999999993,0.7361016666666674,0.8805721638143575,0.8138518726766661,0.7919568470433083
000950.OFCN,950,易方达沪深300非银行金融ETF联接,2015-11-12,0.885,2015-11-13,0.885,CNY,0.885,0.8907400000000008,0.7929199999999993,0.7355666666666674,0.8773082457215362,0.8061415434462661,0.7887261086812839
000950.OFCN,950,易方达沪深300非银行金融ETF联接,2015-11-11,0.9011,2015-11-12,0.9011,CNY,0.9011,0.8813800000000007,0.7852549999999993,0.7352266666666675,0.8734623685823043,0.7978406532369385,0.7854567836866604
000950.OFCN,950,易方达沪深300非银行金融ETF联接,2015-11-10,0.8925,2015-11-11,0.8925,CNY,0.8925,0.8613800000000007,0.7758249999999992,0.7347883333333342,0.8596435528734564,0.7869712482482605,0.781529467115237
000950.OFCN,950,易方达沪深300非银行金融ETF联接,2015-11-09,0.8846,2015-11-10,0.8846,CNY,0.8846,0.8308800000000007,0.7672949999999993,0.7337416666666675,0.8432153293101845,0.775862958515349,0.7777606029234021
000950.OFCN,950,易方达沪深300非银行金融ETF联接,2015-11-06,0.8905,2015-11-07,0.8905,CNY,0.8905,0.8015400000000007,0.7593349999999994,0.7325983333333342,0.8225229939652766,0.7644169540633182,0.7741318096057183
000950.OFCN,950,易方达沪深300非银行金融ETF联接,2015-11-05,0.8382,2015-11-06,0.8382,CNY,0.8382,0.7744200000000008,0.7498899999999994,0.731610000000001,0.7885344909479148,0.7511450543818129,0.770179108056468
000950.OFCN,950,易方达沪深300非银行金融ETF联接,2015-11-04,0.8011,2015-11-05,0.8011,CNY,0.8011,0.7555200000000007,0.7420849999999993,0.7318900000000009,0.7637017364218722,0.7419813758123358,0.7678684696531214
000950.OFCN,950,易方达沪深300非银行金融ETF联接,2015-11-03,0.74,2015-11-04,0.74,CNY,0.74,0.7443600000000007,0.7350499999999993,0.7324616666666676,0.7450026046328083,0.7357583626773878,0.7667395294369964
000950.OFCN,950,易方达沪深300非银行金融ETF联接,2015-11-02,0.7379,2015-11-03,0.7379,CNY,0.7379,0.7500800000000007,0.7309949999999994,0.7340200000000009,0.7475039069492124,0.7353118745332042,0.7676479905711165
000950.OFCN,950,易方达沪深300非银行金融ETF联接,2015-10-30,0.7549,2015-10-31,0.7549,CNY,0.7549,0.7559400000000006,0.7276199999999994,0.7357033333333342,0.7523058604238185,0.7350394402701956,0.7686587395303461
000950.OFCN,950,易方达沪深300非银行金融ETF联接,2015-10-29,0.7437,2015-10-30,0.7437,CNY,0.7437,0.7566800000000007,0.7233049999999994,0.7375866666666675,0.7510087906357277,0.7329488550071017,0.7691262577241668
000950.OFCN,950,易方达沪深300非银行金融ETF联接,2015-10-28,0.7453,2015-10-29,0.7453,CNY,0.7453,0.7569000000000006,0.7201449999999994,0.7396183333333343,0.7546631859535914,0.7318171555171863,0.7699903053358277
000950.OFCN,950,易方达沪深300非银行金融ETF联接,2015-10-27,0.7686,2015-10-28,0.7686,CNY,0.7686,0.7553800000000006,0.7166349999999995,0.7413533333333343,0.7593447789303871,0.7303979087059875,0.7708294140933659
000950.OFCN,950,易方达沪深300非银行金融ETF联接,2015-10-26,0.7672,2015-10-27,0.7672,CNY,0.7672,0.7542400000000007,0.7130849999999994,0.7440750000000009,0.7547171683955806,0.7263766358644963,0.7709051881156854
000950.OFCN,950,易方达沪深300非银行金融ETF联接,2015-10-23,0.7586,2015-10-24,0.7586,CNY,0.7586,0.7524400000000007,0.7086049999999994,0.7472466666666676,0.7484757525933708,0.7220794395526586,0.771031132542172
000950.OFCN,950,易方达沪深300非银行金融ETF联接,2015-10-22,0.7448,2015-10-23,0.7448,CNY,0.7448,0.7498400000000005,0.7041299999999995,0.7501166666666675,0.7434136288900562,0.7182351699458159,0.7714537231182365
000950.OFCN,950,易方达沪深300非银行金融ETF联接,2015-10-21,0.7377,2015-10-22,0.7377,CNY,0.7377,0.7472200000000006,0.7001199999999994,0.7534566666666677,0.7427204433350842,0.7154388719761785,0.7723598912549344
000950.OFCN,950,易方达沪深300非银行金融ETF联接,2015-10-20,0.7629,2015-10-21,0.7629,CNY,0.7629,0.7421800000000005,0.6972399999999994,0.756900000000001,0.7452306650026264,0.7130955952780016,0.7735383688123173
000950.OFCN,950,易方达沪深300非银行金融ETF联接,2015-10-19,0.7582,2015-10-20,0.7582,CNY,0.7582,0.7339800000000005,0.6912999999999994,0.7601083333333343,0.7363959975039396,0.7078530262014149,0.7739001232336655
000950.OFCN,950,易方达沪深300非银行金融ETF联接,2015-10-16,0.7456,2015-10-17,0.7456,CNY,0.7456,0.7274200000000006,0.6867899999999993,0.7628166666666675,0.7254939962559094,0.70255334457186,0.7744340578411278
000950.OFCN,950,易方达沪深300非银行金融ETF联接,2015-10-15,0.7317,2015-10-16,0.7317,CNY,0.7317,0.7186200000000007,0.6837149999999994,0.7657383333333342,0.715440994383864,0.6980221175173541,0.775414763205245
000950.OFCN,950,易方达沪深300非银行金融ETF联接,2015-10-14,0.7125,2015-10-15,0.7125,CNY,0.7125,0.7087000000000007,0.6815899999999994,0.7695300000000009,0.707311491575796,0.6944770771113281,0.7769017609726605
000950.OFCN,950,易方达沪深300非银行金融ETF联接,2015-10-13,0.7219,2015-10-14,0.7219,CNY,0.7219,0.6982800000000007,0.6809799999999994,0.7743633333333342,0.7047172373636938,0.6925799272479878,0.779092703625595
000950.OFCN,950,易方达沪深300非银行金融ETF联接,2015-10-12,0.7254,2015-10-13,0.7254,CNY,0.7254,0.6856800000000007,0.6790449999999993,0.7790766666666676,0.6961258560455408,0.6894936036465195,0.7810386313865816
000950.OFCN,950,易方达沪深300非银行金融ETF联接,2015-10-09,0.7016,2015-10-10,0.7016,CNY,0.7016,0.6746800000000006,0.6759149999999994,0.7828400000000009,0.6814887840683111,0.6857139827694378,0.7829319213896904
000950.OFCN,950,易方达沪深300非银行金融ETF联接,2015-10-08,0.6821,2015-10-09,0.6821,CNY,0.6821,0.6680800000000008,0.6748049999999994,0.7860983333333343,0.6714331761024667,0.6840417703275228,0.7856998711964052
000950.OFCN,950,易方达沪深300非银行金融ETF联接,2015-09-30,0.6604,2015-10-01,0.6604,CNY,0.6604,0.6677600000000008,0.6748949999999994,0.7911533333333343,0.6660997641537,0.6842461672178646,0.7892261349325759
000950.OFCN,950,易方达沪深300非银行金融ETF联接,2015-09-29,0.6589,2015-09-30,0.6589,CNY,0.6589,0.6707000000000009,0.6757899999999994,0.7966366666666677,0.66894964623055,0.6867562902696791,0.7936116432364344
000950.OFCN,950,易方达沪深300非银行金融ETF联接,2015-09-28,0.6704,2015-09-29,0.6704,CNY,0.6704,0.6784400000000008,0.6769949999999993,0.8013116666666675,0.6739744693458248,0.6896885315918504,0.7981981658070404
000950.OFCN,950,易方达沪深300非银行金融ETF联接,2015-09-25,0.6686,2015-09-26,0.6686,CNY,0.6686,0.6798800000000009,0.6764699999999993,0.8063933333333342,0.6757617040187371,0.6917189035229191,0.8025499523904079
000950.OFCN,950,易方达沪深300非银行金融ETF联接,2015-09-24,0.6805,2015-09-25,0.6805,CNY,0.6805,0.679980000000001,0.6737599999999994,0.8116983333333342,0.6793425560281057,0.6941524725592987,0.8071119210503955
000950.OFCN,950,易方达沪深300非银行金融ETF联接,2015-09-23,0.6751,2015-09-24,0.6751,CNY,0.6751,0.6768000000000011,0.6706749999999994,0.8177400000000008,0.6787638340421585,0.695589575093541,0.8114246619936434
000950.OFCN,950,易方达沪深300非银行金融ETF联接,2015-09-22,0.6976,2015-09-23,0.6976,CNY,0.6976,0.677800000000001,0.6704199999999993,0.8226166666666674,0.6805957510632376,0.6977463727365147,0.8160690082913648
000950.OFCN,950,易方达沪深300非银行金融ETF联接,2015-09-21,0.6776,2015-09-22,0.6776,CNY,0.6776,0.6671000000000008,0.6724549999999994,0.8279116666666675,0.6720936265948563,0.69776178039508,0.8201057293669213
000950.OFCN,950,易方达沪深300非银行金融ETF联接,2015-09-18,0.6691,2015-09-19,0.6691,CNY,0.6691,0.6651800000000009,0.6777749999999994,0.8350016666666675,0.6693404398922843,0.6998840733864399,0.8249623329292995
000950.OFCN,950,易方达沪深300非银行金融ETF联接,2015-09-17,0.6646,2015-09-18,0.6646,CNY,0.6646,0.6681800000000009,0.6850149999999994,0.8427616666666676,0.6694606598384264,0.7031245027009352,0.8302750959311995
000950.OFCN,950,易方达沪深300非银行金融ETF联接,2015-09-16,0.6801,2015-09-17,0.6801,CNY,0.6801,0.6731000000000009,0.6919999999999994,0.8505700000000009,0.6718909897576396,0.7071797142542899,0.8359234008513249
000950.OFCN,950,易方达沪深300非银行金融ETF联接,2015-09-15,0.6441,2015-09-16,0.6441,CNY,0.6441,0.6771400000000009,0.7006099999999994,0.8574033333333342,0.6677864846364593,0.7100302110686206,0.8412368679735306
000950.OFCN,950,易方达沪深300非银行金融ETF联接,2015-09-14,0.6679999999999999,2015-09-15,0.6679999999999999,CNY,0.6679999999999999,0.6849600000000009,0.7117749999999994,,0.6796297269546888,0.7169702348391497,0.847960446264435
000950.OFCN,950,易方达沪深300非银行金融ETF联接,2015-09-11,0.6841,2015-09-12,0.6841,CNY,0.6841,0.6839200000000009,0.7215199999999994,,0.6854445904320332,0.7221249976759102,0.854099478979514
000950.OFCN,950,易方达沪深300非银行金融ETF联接,2015-09-10,0.6892,2015-09-11,0.6892,CNY,0.6892,0.6829800000000008,0.7300649999999994,,0.6861168856480497,0.7261276301042384,0.8598999575796005
000950.OFCN,950,易方达沪深300非银行金融ETF联接,2015-09-09,0.7003,2015-09-10,0.7003,CNY,0.7003,0.6819200000000007,0.7388349999999994,,0.6845753284720745,0.7300147502368654,0.8657256317317119
000950.OFCN,950,易方达沪深300非银行金融ETF联接,2015-09-08,0.6832,2015-09-09,0.6832,CNY,0.6832,0.6775200000000007,0.7475599999999993,,0.6767129927081116,0.7331426197272353,0.8713726008281332
000950.OFCN,950,易方达沪深300非银行金融ETF联接,2015-09-07,0.6628,2015-09-08,0.6628,CNY,0.6628,0.6774800000000007,0.7548849999999995,,0.6734694890621673,0.7383997395333649,0.8777975876009901
000950.OFCN,950,易方达沪深300非银行金融ETF联接,2015-09-02,0.6794,2015-09-03,0.6794,CNY,0.6794,0.6769000000000007,0.7625449999999995,,0.6788042335932509,0.7463576100986019,0.8851402946901243
000950.OFCN,950,易方达沪深300非银行金融ETF联接,2015-09-01,0.6839,2015-09-02,0.6839,CNY,0.6839,0.6639000000000006,0.7701349999999995,,0.6785063503898763,0.753405782760163,0.8921686286293573
000950.OFCN,950,易方达沪深300非银行金融ETF联接,2015-08-31,0.6783,2015-09-01,0.6783,CNY,0.6783,0.6508800000000006,0.7786899999999994,,0.6758095255848143,0.760722184591068,0.8992852043351539
000950.OFCN,950,易方达沪深300非银行金融ETF联接,2015-08-28,0.6829999999999999,2015-08-29,0.6829999999999999,CNY,0.6829999999999999,0.6492200000000006,0.7865449999999994,,0.6745642883772215,0.7693982087998684,0.9068383611555907
000950.OFCN,950,易方达沪深300非银行金融ETF联接,2015-08-27,0.6599,2015-08-28,0.6599,CNY,0.6599,0.6602800000000005,0.7940699999999994,,0.6703464325658323,0.7784927626304781,0.9144911890544452
000950.OFCN,950,易方达沪深300非银行金融ETF联接,2015-08-26,0.6144,2015-08-27,0.6144,CNY,0.6144,0.6851000000000005,0.8030199999999994,,0.6755696488487483,0.7909762197270127,0.923197959603257
000950.OFCN,950,易方达沪深300非银行金融ETF联接,2015-08-25,0.6188,2015-08-26,0.6188,CNY,0.6188,0.7250000000000004,0.8156949999999993,,0.7061544732731223,0.8095632040458045,0.9337617256159301
000950.OFCN,950,易方达沪深300非银行金融ETF联接,2015-08-24,0.67,2015-08-25,0.67,CNY,0.67,0.7621000000000004,0.8280349999999993,,0.7498317099096834,0.8296435578172144,0.9445397018630547
000950.OFCN,950,易方达沪深300非银行金融ETF联接,2015-08-21,0.7383,2015-08-22,0.7383,CNY,0.7383,0.7985600000000005,0.8370049999999992,,0.789747564864525,0.8464481581156034,0.9539374610480644
000950.OFCN,950,易方达沪深300非银行金融ETF联接,2015-08-20,0.784,2015-08-21,0.784,CNY,0.784,0.8243800000000006,0.8466849999999992,,0.8154713472967874,0.8578321861889296,0.9613213959798014
000950.OFCN,950,易方达沪深300非银行金融ETF联接,2015-08-19,0.8139,2015-08-20,0.8139,CNY,0.8139,0.8401600000000006,0.8553599999999992,,0.831207020945181,0.8656040038857227,0.9673953883001372
000950.OFCN,950,易方达沪深300非银行金融ETF联接,2015-08-18,0.8043,2015-08-19,0.8043,CNY,0.8043,0.8483800000000004,0.8612049999999993,,0.8398605314177713,0.8710465372857736,0.972655112769769
000950.OFCN,950,易方达沪深300非银行金融ETF联接,2015-08-17,0.8523,2015-08-18,0.8523,CNY,0.8523,0.8604400000000005,0.8682499999999992,,0.8576407971266569,0.8780724981034006,0.9784261494600656
000950.OFCN,950,易方达沪深300非银行金融ETF联接,2015-08-14,0.8674,2015-08-15,0.8674,CNY,0.8674,0.8649400000000005,0.8728499999999991,,0.8603111956899853,0.8807853967053203,0.9827512679184189
000950.OFCN,950,易方达沪深300非银行金融ETF联接,2015-08-13,0.8629,2015-08-14,0.8629,CNY,0.8629,0.8574000000000005,0.8772499999999992,,0.8567667935349779,0.8821943881654989,0.9867084520329635
000950.OFCN,950,易方达沪深300非银行金融ETF联接,2015-08-12,0.855,2015-08-13,0.855,CNY,0.855,0.8480200000000006,0.8801399999999993,,0.8537001903024668,0.8842253801108233,0.9909574943970035
000950.OFCN,950,易方达沪深300非银行金融ETF联接,2015-08-11,0.8646,2015-08-12,0.8646,CNY,0.8646,0.8432600000000005,0.8834349999999992,,0.8530502854537001,0.8873017421354176,0.9956254516950915
000950.OFCN,950,易方达沪深300非银行金融ETF联接,2015-08-10,0.8748,2015-08-11,0.8748,CNY,0.8748,0.8413400000000003,0.8881649999999992,,0.84727542818055,0.8896914045454412,1.0001260331427173
000950.OFCN,950,易方达沪深300非银行金融ETF联接,2015-08-07,0.8297,2015-08-08,0.8297,CNY,0.8297,0.8334600000000003,0.8945499999999992,,0.833513142270825,0.8912589246871953,1.0044327864196345
000950.OFCN,950,易方达沪深300非银行金融ETF联接,2015-08-06,0.816,2015-08-07,0.816,CNY,0.816,0.8342200000000004,0.9032999999999992,,0.8354197134062373,0.897738829195825,1.010440172850891
000950.OFCN,950,易方达沪深300非银行金融ETF联接,2015-08-05,0.8312,2015-08-06,0.8312,CNY,0.8312,0.8388000000000003,0.9100599999999993,,0.845129570109356,0.9063429424550418,1.0171283319428042
000950.OFCN,950,易方达沪深300非银行金融ETF联接,2015-08-04,0.855,2015-08-05,0.855,CNY,0.855,0.8461400000000003,0.9133549999999993,,0.8520943551640339,0.9142527522643539,1.0235269001713736
000950.OFCN,950,易方达沪深300非银行金融ETF联接,2015-08-03,0.8354,2015-08-04,0.8354,CNY,0.8354,0.8482600000000003,0.9198749999999991,,0.8506415327460508,0.9204899070841416,1.029329606043144
000950.OFCN,950,易方达沪深300非银行金融ETF联接,2015-07-31,0.8335,2015-08-01,0.8335,CNY,0.8335,0.8510600000000004,0.9275749999999992,,0.8582622991190761,0.9294467759186497,1.036010541112473
000950.OFCN,950,易方达沪深300非银行金融ETF联接,2015-07-30,0.8389,2015-07-31,0.8389,CNY,0.8389,0.8707400000000003,0.9328699999999991,,0.8706434486786141,0.939546482043447,1.0429909452742807
000950.OFCN,950,易方达沪深300非银行金融ETF联接,2015-07-29,0.8679,2015-07-30,0.8679,CNY,0.8679,0.8944600000000003,0.9396899999999991,,0.8865151730179212,0.9501409013292011,1.0500298443589193
000950.OFCN,950,易方达沪深300非银行金融ETF联接,2015-07-28,0.8656,2015-07-29,0.8656,CNY,0.8656,0.9070400000000003,0.9456399999999991,,0.8958227595268816,0.9587978859562627,1.0563150391695177
000950.OFCN,950,易方达沪深300非银行金融ETF联接,2015-07-27,0.8494,2015-07-28,0.8494,CNY,0.8494,0.9229600000000003,0.9545099999999991,,0.9109341392903223,0.9686082494174263,1.0629005285241602
000950.OFCN,950,易方达沪深300非银行金融ETF联接,2015-07-24,0.9319,2015-07-25,0.9319,CNY,0.9319,0.9419400000000003,0.9604249999999992,,0.9417012089354834,0.9811565705643258,1.0702774764722636
000950.OFCN,950,易方达沪深300非银行金融ETF联接,2015-07-23,0.9575,2015-07-24,0.9575,CNY,0.9575,0.9466400000000004,0.9645949999999992,,0.946601813403225,0.9863415112583636,1.0750618746684848
000950.OFCN,950,易方达沪深300非银行金融ETF联接,2015-07-22,0.9308,2015-07-23,0.9308,CNY,0.9308,0.9392800000000004,0.9718699999999993,,0.9411527201048374,0.9893774847470149,1.0791293262256152
000950.OFCN,950,易方达沪深300非银行金融ETF联接,2015-07-21,0.9452,2015-07-22,0.9452,CNY,0.9452,0.9373000000000007,0.9820649999999992,,0.946329080157256,0.9955435917475624,1.0842648773832169
000950.OFCN,950,易方达沪深300非银行金融ETF联接,2015-07-20,0.9443,2015-07-21,0.9443,CNY,0.9443,0.9401000000000007,0.9914599999999991,,0.946893620235884,1.0008429703651032,1.08908315896446
000950.OFCN,950,易方达沪深300非银行金融ETF联接,2015-07-17,0.9554,2015-07-18,0.9554,CNY,0.9554,0.9517400000000007,0.9987499999999991,,0.9481904303538259,1.006794927986556,1.094103328204542
000950.OFCN,950,易方达沪深300非银行金融ETF联接,2015-07-16,0.9207,2015-07-17,0.9207,CNY,0.9207,0.9616000000000007,,,0.9445856455307386,1.0122049867161256,1.0989164192506944
000950.OFCN,950,易方达沪深300非银行金融ETF联接,2015-07-15,0.9209,2015-07-16,0.9209,CNY,0.9209,0.9677000000000007,,,0.9565284682961079,1.021837221068609,1.1051056045854522
000950.OFCN,950,易方达沪深300非银行金融ETF联接,2015-07-14,0.9592,2015-07-15,0.9592,CNY,0.9592,0.9629400000000006,,,0.9743427024441619,1.032462350797172,1.1115081004135832
000950.OFCN,950,易方达沪深300非银行金融ETF联接,2015-07-13,1.0025,2015-07-14,1.0025,CNY,1.0025,0.9681800000000006,,,0.9819140536662427,1.0401743048225678,1.1168064754776854
000950.OFCN,950,易方达沪深300非银行金融ETF联接,2015-07-10,1.0047,2015-07-11,1.0047,CNY,1.0047,0.9655600000000006,,,0.971621080499364,1.044140093658246,1.1207864175589943
000950.OFCN,950,易方达沪深300非银行金融ETF联接,2015-07-09,0.9512,2015-07-10,0.9512,CNY,0.9512,0.9525000000000008,,,0.9550816207490459,1.0482917663964955,1.1248320553956814
000950.OFCN,950,易方达沪深300非银行金融ETF联接,2015-07-08,0.8971,2015-07-09,0.8971,CNY,0.8971,0.9573200000000007,,,0.9570224311235688,1.0585121807030815,1.1308889373610964
000950.OFCN,950,易方达沪深300非银行金融ETF联接,2015-07-07,0.9854,2015-07-08,0.9854,CNY,0.9854,0.9752800000000008,,,0.9869836466853531,1.0755033561901435,1.1390523398027577
000950.OFCN,950,易方达沪深300非银行金融ETF联接,2015-07-06,0.9894,2015-07-07,0.9894,CNY,0.9894,0.9868000000000008,,,0.9877754700280296,1.0849881788992268,1.1444230216753721
000950.OFCN,950,易方达沪深300非银行金融ETF联接,2015-07-03,0.9394,2015-07-04,0.9394,CNY,0.9394,0.9824600000000008,,,0.9869632050420443,1.0950503960394409,1.1498473371575646
000950.OFCN,950,易方达沪深300非银行金融ETF联接,2015-07-02,0.9753,2015-07-03,0.9753,CNY,0.9753,0.9976400000000007,,,1.0107448075630663,1.1114351946087733,1.1572190213544267
000950.OFCN,950,易方达沪深300非银行金融ETF联接,2015-07-01,0.9869,2015-07-02,0.9869,CNY,0.9869,1.0231800000000006,,,1.0284672113445994,1.1257657432497057,1.1635986084978778
000950.OFCN,950,易方达沪深300非银行金融ETF联接,2015-06-30,1.043,2015-07-01,1.043,CNY,1.043,1.0527400000000007,,,1.049250817016899,1.140383785369686,1.1698023830019215
000950.OFCN,950,易方达沪深300非银行金融ETF联接,2015-06-29,0.9677,2015-06-30,0.9677,CNY,0.9677,1.0707600000000006,,,1.0523762255253484,1.150635171689562,1.1742597311980887
000950.OFCN,950,易方达沪深300非银行金融ETF联接,2015-06-26,1.0153,2015-06-27,1.0153,CNY,1.0153,1.0952400000000009,,,1.0947143382880224,1.169892463829658,1.1815298178743956
000950.OFCN,950,易方达沪深300非银行金融ETF联接,2015-06-25,1.103,2015-06-26,1.103,CNY,1.103,,,,1.1344215074320336,1.1861662498159231,1.187388053392032
000950.OFCN,950,易方达沪深300非银行金融ETF联接,2015-06-24,1.1347,2015-06-25,1.1347,CNY,1.1347,,,,1.1501322611480504,1.1949211241051767,1.1903660398994589
000950.OFCN,950,易方达沪深300非银行金融ETF联接,2015-06-23,1.1331,2015-06-24,1.1331,CNY,1.1331,,,,1.1578483917220757,1.2012606157398735,1.1923331857439823
000950.OFCN,950,易方达沪深300非银行金融ETF联接,2015-06-19,1.0901,2015-06-20,1.0901,CNY,1.0901,,,,1.1702225875831134,1.2084359502421291,1.1944294072740882
000950.OFCN,950,易方达沪深300非银行金融ETF联接,2015-06-18,1.1439,2015-06-19,,,1.1439,,,,1.21028388137467,1.2208933885340465,1.1981270661603367
000950.OFCN,950,易方达沪深300非银行金融ETF联接,2015-06-17,1.1978,2015-06-18,1.1978,CNY,1.1978,1.214280000000001,1.2267049999999995,1.2081733333333335,1.21028388137467,1.2208933885340465,1.1981270661603367
000950.OFCN,950,易方达沪深300非银行金融ETF联接,2015-06-16,1.1924,2015-06-17,1.1924,CNY,1.1924,1.2230000000000008,1.2267449999999993,1.2069633333333336,1.2165258220620048,1.2233244920809645,1.198138676013311
000950.OFCN,950,易方达沪深300非银行金融ETF联接,2015-06-15,1.2066,2015-06-16,1.2066,CNY,1.2066,1.2352200000000007,1.2276999999999993,1.2055916666666668,1.2285887330930072,1.2265800281951473,1.1983427077163933
000950.OFCN,950,易方达沪深300非银行金融ETF联接,2015-06-12,1.2363,2015-06-13,1.2363,CNY,1.2363,1.2500000000000007,1.2247249999999996,1.2030983333333336,1.2395830996395107,1.22868342215791,1.1980486428289574
000950.OFCN,950,易方达沪深300非银行金融ETF联接,2015-06-11,1.2383,2015-06-12,1.2383,CNY,1.2383,1.2470600000000007,1.2217349999999996,1.200351666666667,1.2412246494592658,1.2278815789070776,1.1966840673113293
000950.OFCN,950,易方达沪深300非银行金融ETF联接,2015-06-10,1.2414,2015-06-11,1.2414,CNY,1.2414,1.2453400000000008,1.2204199999999996,1.1971933333333338,1.2426869741888984,1.2267847545149027,1.1951968234663672
000950.OFCN,950,易方达沪深300非银行金融ETF联接,2015-06-09,1.2535,2015-06-10,1.2535,CNY,1.2535,1.2377000000000007,1.2192249999999998,1.1936150000000005,1.2433304612833476,1.2252460773893323,1.193542601389966
000950.OFCN,950,易方达沪深300非银行金融ETF联接,2015-06-08,1.2805,2015-06-09,1.2805,CNY,1.2805,1.2287800000000009,1.2187949999999999,1.1893050000000005,1.238245691925021,1.222271488333009,1.1913918369952596
000950.OFCN,950,易方达沪深300非银行金融ETF联接,2015-06-05,1.2216,2015-06-06,1.2216,CNY,1.2216,1.2155200000000008,1.2163799999999998,1.184546666666667,1.2171185378875318,1.2161410507381563,1.1881890698847453
000950.OFCN,950,易方达沪深300非银行金融ETF联接,2015-06-04,1.2297,2015-06-05,1.2297,CNY,1.2297,1.2040800000000007,1.215585,1.1803150000000004,1.2148778068312975,1.2155663083848258,1.1869857388661562
000950.OFCN,950,易方达沪深300非银行金融ETF联接,2015-06-03,1.2032,2015-06-04,1.2032,CNY,1.2032,1.1928600000000007,1.2145949999999999,1.175883333333334,1.207466710246946,1.2140782190877186,1.1854440733396994
000950.OFCN,950,易方达沪深300非银行金融ETF联接,2015-06-02,1.2089,2015-06-03,1.2089,CNY,1.2089,1.2069200000000007,1.21517,1.1719800000000007,1.2096000653704189,1.2152235774570797,1.1848018078459759
000950.OFCN,950,易方达沪深300非银行金融ETF联接,2015-06-01,1.2142,2015-06-02,1.2142,CNY,1.2142,1.2220600000000008,1.21453,1.1680900000000005,1.2099500980556284,1.2158893988123978,1.183928144246561
000950.OFCN,950,易方达沪深300非银行金融ETF联接,2015-05-29,1.1644,2015-05-30,1.1644,CNY,1.1644,1.2336400000000007,1.2153950000000002,1.1642383333333337,1.2078251470834425,1.2160672838976363,1.182828066863772
000950.OFCN,950,易方达沪深300非银行金融ETF联接,2015-05-28,1.1736,2015-05-29,1.1736,CNY,1.1736,1.2488200000000007,1.21855,1.161296666666667,1.2295377206251634,1.2215077582915157,1.183499380786838
000950.OFCN,950,易方达沪深300非银行金融ETF联接,2015-05-27,1.2735,2015-05-28,1.2735,CNY,1.2735,1.2543400000000005,1.222105,1.1582183333333338,1.2575065809377455,1.2265525382456424,1.1838609190896054
000950.OFCN,950,易方达沪深300非银行金融ETF联接,2015-05-26,1.2846,2015-05-27,1.2846,CNY,1.2846,1.2393600000000005,1.22055,1.1541283333333336,1.249509871406618,1.221608687641516,1.1805785733042533
000950.OFCN,950,易方达沪深300非银行金融ETF联接,2015-05-25,1.2721,2015-05-26,1.2721,CNY,1.2721,1.2247400000000004,1.2187050000000001,1.1497750000000004,1.231964807109926,1.2149750385281617,1.1767591990415258
000950.OFCN,950,易方达沪深300非银行金融ETF联接,2015-05-22,1.2403,2015-05-23,1.2403,CNY,1.2403,1.1997400000000005,1.2168550000000002,1.145701666666667,1.2118972106648882,1.2089588929368809,1.1732486571384984
000950.OFCN,950,易方达沪深300非银行金融ETF联接,2015-05-21,1.2012,2015-05-22,1.2012,CNY,1.2012,1.1869800000000006,1.2184300000000001,1.141571666666667,1.1976958159973312,1.2056580147632312,1.1707725239219575
000950.OFCN,950,易方达沪深300非银行金融ETF联接,2015-05-20,1.1986,2015-05-21,1.1986,CNY,1.1986,1.1891400000000005,1.22293,1.1384250000000005,1.1959437239959967,1.2061275647217438,1.1696454545953805
000950.OFCN,950,易方达沪深300非银行金融ETF联接,2015-05-19,1.2115,2015-05-20,1.2115,CNY,1.2115,1.1929200000000004,1.224385,1.1352333333333335,1.1946155859939946,1.2069204723420028,1.1685695629623731
000950.OFCN,950,易方达沪深300非银行金融ETF联接,2015-05-18,1.1471,2015-05-19,1.1471,CNY,1.1471,1.1996000000000004,1.222885,1.1318233333333336,1.18617337899099,1.2064380587936832,1.166969138988563
000950.OFCN,950,易方达沪深300非银行金融ETF联接,2015-05-15,1.1765,2015-05-16,1.1765,CNY,1.1765,1.2166200000000003,1.2274349999999998,1.129511666666667,1.205710068486491,1.2126892977004238,1.1677123629385675
000950.OFCN,950,易方达沪深300非银行金融ETF联接,2015-05-14,1.212,2015-05-15,1.212,CNY,1.212,1.2224600000000003,1.2304,1.1267400000000003,1.2203151027297432,1.216502154080303,1.1673824960018586
000950.OFCN,950,易方达沪深300非银行金融ETF联接,2015-05-13,1.2175,2015-05-14,1.2175,CNY,1.2175,1.2220400000000005,1.2298749999999998,1.1233133333333334,1.2244726540946176,1.216976540370539,1.1657015438088643
000950.OFCN,950,易方达沪深300非银行金融ETF联接,2015-05-12,1.2449,2015-05-13,1.2449,CNY,1.2449,1.2214800000000003,1.2305349999999997,1.1197450000000002,1.22795898114193,1.2169213782664159,1.163742653624924
000950.OFCN,950,易方达沪深300非银行金融ETF联接,2015-05-11,1.2322,2015-05-12,1.2322,CNY,1.2322,1.2117200000000004,1.2298849999999997,1.115575,1.2194884717128818,1.2139726508046789,1.160661406308166
000950.OFCN,950,易方达沪深300非银行金融ETF联接,2015-05-08,1.2057,2015-05-09,1.2057,CNY,1.2057,1.2115800000000005,1.2302349999999997,1.1116066666666666,1.213132707569307,1.212051383194275,1.1579342536664141
000950.OFCN,950,易方达沪深300非银行金融ETF联接,2015-05-07,1.2099,2015-05-08,1.2099,CNY,1.2099,1.2159400000000005,1.2309199999999998,1.1081083333333335,1.216849061353974,1.2127209510547472,1.1561056332077855
000950.OFCN,950,易方达沪深300非银行金融ETF联接,2015-05-06,1.2147,2015-05-07,1.2147,CNY,1.2147,1.2229000000000005,1.2318049999999996,1.1045883333333333,1.2203235920309792,1.2130183848416343,1.1540371486539593
000950.OFCN,950,易方达沪深300非银行金融ETF联接,2015-05-05,1.1961,2015-05-06,1.1961,CNY,1.1961,1.2284400000000004,1.2304049999999997,1.1009133333333336,1.2231353880464915,1.2128410487843535,1.1516938894594442
000950.OFCN,950,易方达沪深300非银行金融ETF联接,2015-05-04,1.2315,2015-05-05,1.2315,CNY,1.2315,1.2387600000000005,1.2289349999999994,1.0975883333333336,1.2366530820699004,1.2146068294804733,1.1499704381581717
000950.OFCN,950,易方达沪深300非银行金融ETF联接,2015-04-30,1.2275,2015-05-01,1.2275,CNY,1.2275,1.2394800000000004,1.2242199999999994,1.0937000000000003,1.2392296231048971,1.2128246240518885,1.1467905616108185
000950.OFCN,950,易方达沪深300非银行金融ETF联接,2015-04-29,1.2447,2015-04-30,1.2447,CNY,1.2447,1.2483400000000002,1.2204049999999995,1.0899100000000002,1.245094434657505,1.2112760282247415,1.1436265214813168
000950.OFCN,950,易方达沪深300非银行金融ETF联接,2015-04-28,1.2424,2015-04-29,1.2424,CNY,1.2424,1.2576400000000003,1.2142699999999995,,1.2452916519862656,1.2077480983088607,1.1396430222536225
000950.OFCN,950,易方达沪深300非银行金融ETF联接,2015-04-27,1.2477,2015-04-28,1.2477,CNY,1.2477,1.2547000000000004,1.2084049999999995,,1.2467374779794869,1.2040895066108603,1.1355707200181107
000950.OFCN,950,易方达沪深300非银行金融ETF联接,2015-04-24,1.2351,2015-04-25,1.2351,CNY,1.2351,1.2414600000000005,1.2006549999999996,,1.2462562169691858,1.19948359026164,1.1311013706779576
000950.OFCN,950,易方达沪深300非银行金融ETF联接,2015-04-23,1.2718,2015-04-24,1.2718,CNY,1.2718,1.2420600000000004,1.1935649999999995,,1.2518343254545465,1.1957206445210435,1.1269312436768375
000950.OFCN,950,易方达沪深300非银行金融ETF联接,2015-04-22,1.2912,2015-04-23,1.2912,CNY,1.2912,1.2348600000000005,1.1843599999999994,,1.241851488179758,1.1876795798172932,1.1210860725542693
000950.OFCN,950,易方达沪深300非银行金融ETF联接,2015-04-21,1.2277,2015-04-22,1.2277,CNY,1.2277,1.2169200000000004,1.1748849999999995,,1.217177232261993,1.176733476830434,1.1141777512503719
000950.OFCN,950,易方达沪深300非银行金融ETF联接,2015-04-20,1.1815,2015-04-21,1.1815,CNY,1.1815,1.2175200000000004,1.1697599999999997,,1.2119158483905446,1.1713417853021746,1.1095364655090207
000950.OFCN,950,易方达沪深300非银行金融ETF联接,2015-04-17,1.2381,2015-04-18,1.2381,CNY,1.2381,1.2276000000000005,1.1661899999999996,,1.2271237725964173,1.170266593867112,1.1065735827678584
000950.OFCN,950,易方达沪深300非银行金融ETF联接,2015-04-16,1.2358,2015-04-17,1.2358,CNY,1.2358,1.2278200000000006,1.1571349999999996,,1.221635658888888,1.1630826225027209,1.1011186997742475
000950.OFCN,950,易方达沪深300非银行金融ETF联接,2015-04-15,1.2015,2015-04-16,1.2015,CNY,1.2015,1.2245400000000006,1.1489199999999995,,1.2145534883222247,1.1553764541824492,1.095490335305165
000950.OFCN,950,易方达沪深300非银行金融ETF联接,2015-04-14,1.2307,2015-04-15,1.2307,CNY,1.2307,1.2297600000000004,1.1412849999999994,,1.2210802324986911,1.150485068638723,1.0910249247460897
000950.OFCN,950,易方达沪深300非银行金融ETF联接,2015-04-13,1.2319,2015-04-14,1.2319,CNY,1.2319,1.2209600000000005,1.1310849999999995,,1.2162703487310635,1.1419716081411126,1.0850926478345415
000950.OFCN,950,易方达沪深300非银行金融ETF联接,2015-04-10,1.2392,2015-04-11,1.2392,CNY,1.2392,1.2079200000000005,1.1192349999999995,,1.2084555230552307,1.1324189174012307,1.0788035281416588
000950.OFCN,950,易方达沪深300非银行金融ETF联接,2015-04-09,1.2194,2015-04-10,1.2194,CNY,1.2194,1.1875200000000006,1.1070249999999997,,1.1930832844607955,1.121065114181027,1.0718702704823202
000950.OFCN,950,易方达沪深300非银行金融ETF联接,2015-04-08,1.2276,2015-04-09,1.2276,CNY,1.2276,1.1738800000000005,1.0944399999999996,,1.1799249265344838,1.1105982328937956,1.0654331454764336
000950.OFCN,950,易方达沪深300非银行金融ETF联接,2015-04-07,1.1867,2015-04-08,1.1867,CNY,1.1867,1.1527600000000005,1.0812499999999996,,1.1560873893758858,1.0981297385717608,1.0582878069636668
000950.OFCN,950,易方达沪深300非银行金融ETF联接,2015-04-03,1.1667,2015-04-04,1.1667,CNY,1.1667,1.1404400000000003,1.0703649999999998,,1.1407810836536756,1.0886787766008585,1.0525716592339194
000950.OFCN,950,易方达沪深300非银行金融ETF联接,2015-04-02,1.1372,2015-04-03,1.1372,CNY,1.1372,1.1256400000000004,1.0608049999999998,,1.1278216249596136,1.0803414303995906,1.047436833687705
000950.OFCN,950,易方达沪深300非银行金融ETF联接,2015-04-01,1.1512,2015-04-02,1.1512,CNY,1.1512,1.1168600000000004,1.0531,,1.1231324371567009,1.0742558072694695,1.0433529340005818
000950.OFCN,950,易方达沪深300非银行金融ETF联接,2015-03-31,1.122,2015-04-01,1.122,CNY,1.122,1.1041600000000005,1.044935,,1.1090986544658679,1.0660058183380998,1.0383887067170305
000950.OFCN,950,易方达沪深300非银行金融ETF联接,2015-03-30,1.1251,2015-03-31,1.1251,CNY,1.1251,1.1001000000000005,1.0382799999999999,,1.1026479808237253,1.059990324546924,1.0344927930770906
000950.OFCN,950,易方达沪深300非银行金融ETF联接,2015-03-27,1.0927,2015-03-28,1.0927,CNY,1.0927,1.1001200000000004,1.0334299999999998,,1.091421968951264,1.0529803525656036,1.030216605264449
000950.OFCN,950,易方达沪深300非银行金融ETF联接,2015-03-26,1.0933,2015-03-27,1.0933,CNY,1.0933,1.1036000000000006,1.0299649999999998,,1.090782953231851,1.0486936822008521,1.0272279765244232
000950.OFCN,950,易方达沪深300非银行金融ETF联接,2015-03-25,1.0877,2015-03-26,1.0877,CNY,1.0877,1.0963400000000003,1.0266849999999998,,1.0895244292715724,1.0438667872555765,1.0240230483750012
000950.OFCN,950,易方达沪深300非银行金融ETF联接,2015-03-24,1.1017,2015-03-25,1.1017,CNY,1.1017,1.0931000000000002,1.021925,,1.0904366445338327,1.039109527067869,1.0208885067208118
000950.OFCN,950,易方达沪深300非银行金融ETF联接,2015-03-23,1.1252,2015-03-24,1.1252,CNY,1.1252,1.0825200000000001,1.0174599999999998,,1.084804960999314,1.0322942527321737,1.0168485840565247
000950.OFCN,950,易方达沪深300非银行金融ETF联接,2015-03-20,1.1101,2015-03-21,1.1101,CNY,1.1101,1.06282,1.011555,,1.064607410289446,1.022141255630399,1.0113432872636061
000950.OFCN,950,易方达沪深300非银行金融ETF联接,2015-03-19,1.057,2015-03-20,1.057,CNY,1.057,1.0397800000000001,1.006395,,1.0418610627122293,1.012490086768979,1.0062391765759906
000950.OFCN,950,易方达沪深300非银行金融ETF联接,2015-03-18,1.0715,2015-03-19,1.0715,CNY,1.0715,1.0273800000000004,1.003965,,1.0342915677512532,1.0075844068027122,1.0035681652959285
000950.OFCN,950,易方达沪深300非银行金融ETF联接,2015-03-17,1.0488,2015-03-18,1.0488,CNY,1.0488,1.0066200000000003,1.0009000000000001,,1.0156872546036184,1.0005048611978262,0.9999254266942722
000950.OFCN,950,易方达沪深300非银行金融ETF联接,2015-03-16,1.0267,2015-03-17,1.0267,CNY,1.0267,0.9896200000000002,0.99878,,0.9991307523898284,0.9951259106600852,0.9972518676788549
000950.OFCN,950,易方达沪深300非银行金融ETF联接,2015-03-13,0.9949,2015-03-14,0.9949,CNY,0.9949,0.9780800000000003,0.9976149999999999,,0.9853459668345671,0.9915876634860796,0.9956067575108078
000950.OFCN,950,易方达沪深300非银行金融ETF联接,2015-03-12,0.995,2015-03-13,0.995,CNY,0.995,0.9742000000000003,0.9976049999999999,,0.9805688661703608,0.9912139365045517,0.9956471270574476
000950.OFCN,950,易方达沪深300非银行金融ETF联接,2015-03-11,0.9677,2015-03-12,0.9677,CNY,0.9677,0.9718200000000004,0.9975599999999998,,0.9733531087493081,0.9907835029625438,0.9956849692869376
000950.OFCN,950,易方达沪深300非银行金融ETF联接,2015-03-10,0.9638,2015-03-11,0.9638,CNY,0.9638,0.9758600000000003,0.9989649999999998,,0.9761797750659633,0.9934301419248391,0.9973626908176118
000950.OFCN,950,易方达沪深300非银行金融ETF联接,2015-03-09,0.9690000000000001,2015-03-10,0.9690000000000001,CNY,0.9690000000000001,0.9808800000000003,1.0007099999999998,,0.9823700303198667,0.9968595946254297,0.9994286239936913
000950.OFCN,950,易方达沪深300非银行金融ETF联接,2015-03-06,0.9755,2015-03-07,0.9755,CNY,0.9755,0.9927000000000004,1.0019699999999996,,0.9890556411997408,1.0001182678030711,1.0013549151913943
000950.OFCN,950,易方达沪深300非银行金融ETF联接,2015-03-05,0.9831,2015-03-06,0.9831,CNY,0.9831,1.0022800000000003,1.0030249999999996,,0.9958343678251103,1.0030319133184231,1.0030412568077933
000950.OFCN,950,易方达沪深300非银行金融ETF联接,2015-03-04,0.9879,2015-03-05,0.9879,CNY,0.9879,1.0112,1.0037799999999997,,1.0022028285234326,1.0054222032706601,1.0043839501981306
000950.OFCN,950,易方达沪深300非银行金融ETF联接,2015-03-03,0.9889,2015-03-04,0.9889,CNY,0.9889,1.0121200000000001,1.0043899999999997,,1.0093563940673276,1.007554776824387,1.0055322470195578
000950.OFCN,950,易方达沪深300非银行金融ETF联接,2015-03-02,1.0281,2015-03-03,1.0281,CNY,1.0281,1.01682,,,1.0195892070511934,1.0098631508013602,1.006733847502505
000950.OFCN,950,易方达沪深300非银行金融ETF联接,2015-02-27,1.0234,2015-02-28,1.0234,CNY,1.0234,1.01262,,,1.0153309292578985,1.00756400705667,1.0051286921692892
000950.OFCN,950,易方达沪深300非银行金融ETF联接,2015-02-26,1.0277,2015-02-27,1.0277,CNY,1.0277,1.0093200000000002,,,1.0112922948375789,1.0055251168736308,1.003697015546545
000950.OFCN,950,易方达沪深300非银行金融ETF联接,2015-02-25,0.9925,2015-02-26,0.9925,CNY,0.9925,1.00546,,,1.0030759333485106,1.0026014226724465,1.0017287174486575
000950.OFCN,950,易方达沪深300非银行金融ETF联接,2015-02-17,1.0124,2015-02-18,1.0124,CNY,1.0124,1.0090000000000001,,,1.008376003571913,1.0039696386181352,1.0025237363234563
000950.OFCN,950,易方达沪深300非银行金融ETF联接,2015-02-16,1.0071,2015-02-17,1.0071,CNY,1.0071,1.0078000000000003,,,1.0063570895934932,1.0027922244453689,1.0016260305770608
000950.OFCN,950,易方达沪深300非银行金融ETF联接,2015-02-13,1.0069,2015-02-14,1.0069,CNY,1.0069,1.0070600000000003,,,1.0059837159099723,1.0021691512723208,1.0010983992051283
000950.OFCN,950,易方达沪深300非银行金融ETF联接,2015-02-12,1.0084,2015-02-13,1.0084,CNY,1.0084,1.0046200000000003,,,1.0055220153789266,1.0014568370280463,1.0005019127630672
000950.OFCN,950,易方达沪深300非银行金融ETF联接,2015-02-11,1.0102,2015-02-12,1.0102,CNY,1.0102,1.0017600000000002,,,1.0040661922683742,1.0003618091167166,0.9996297737619684
000950.OFCN,950,易方达沪深300非银行金融ETF联接,2015-02-10,1.0064,2015-02-11,1.0064,CNY,1.0064,0.9988800000000001,,,1.0009451650150798,0.9987243105738045,0.9983658429966602
000950.OFCN,950,易方达沪深300非银行金融ETF联接,2015-02-09,1.0034,2015-02-10,1.0034,CNY,1.0034,0.9973400000000001,,,0.998144906368995,0.9973634905505773,0.9973151415122551
000950.OFCN,950,易方达沪深300非银行金融ETF联接,2015-02-06,0.9947,2015-02-07,0.9947,CNY,0.9947,0.9955000000000002,,,0.9954106740682,0.9962102136663126,0.9964340022856455
000950.OFCN,950,易方达沪深300非银行金融ETF联接,2015-02-05,0.9941,2015-02-06,0.9941,CNY,0.9941,0.9958800000000002,,,0.9957881010199128,0.996525814955751,0.9967164240020063
000950.OFCN,950,易方达沪深300非银行金融ETF联接,2015-02-04,0.9958,2015-02-05,0.9958,CNY,0.9958,0.9967,,,0.9967133834586468,0.9970914180697228,0.9972056681602155
000950.OFCN,950,易方达沪深300非银行金融ETF联接,2015-02-03,0.9987,2015-02-04,0.9987,CNY,0.9987,0.99756,,,0.9972393364928912,0.9974366835364634,0.997516026736441
000950.OFCN,950,易方达沪深300非银行金融ETF联接,2015-02-02,0.9942,2015-02-03,0.9942,CNY,0.9942,,,,0.996329230769231,0.9970335941396512,0.9971945312644628
000950.OFCN,950,易方达沪深300非银行金融ETF联接,2015-01-30,0.9966,2015-01-31,0.9966,CNY,0.9966,,,,0.9978421052631581,0.9981835970024981,0.9982611332284046
000950.OFCN,950,易方达沪深300非银行金融ETF联接,2015-01-29,0.9982,2015-01-30,0.9982,CNY,0.9982,,,,0.9989600000000002,0.9991025000000003,0.9991341666666662
000950.OFCN,950,易方达沪深300非银行金融ETF联接,2015-01-23,1.0001,2015-01-24,1.0001,CNY,1.0001,,,,1.0001000000000002,1.0001,1.0000999999999989
