index_code,date,open,close,low,high,volume,money,change,MA_5,MA_20,MA_60,EMA_5,EMA_20,EMA_60
sh000001,2014-12-31,3172.6,3234.68,3157.26,3239.36,40599852100.0,432320000000.0,0.021751744811400003,3159.731999999999,3032.544499999999,2645.6723333333334,3164.3527421691747,3012.0786346418886,2729.842412726269
sh000001,2014-12-30,3160.8,3165.82,3130.35,3190.3,39772532000.0,437263000000.0,-0.000694756592138,3107.3019999999988,3009.7869999999994,2631.474166666667,3129.189113253762,2988.6469119726135,2712.729272375668
sh000001,2014-12-29,3212.56,3168.02,3126.94,3223.86,51011143900.0,555904000000.0,0.00329775465757,3080.659999999999,2989.6734999999994,2618.108333333333,3110.873669880643,2969.9971132328888,2697.3702629903055
sh000001,2014-12-26,3078.01,3157.6,3064.18,3164.16,46070093200.0,488915000000.0,0.027686250055299996,3072.5459999999994,2965.2804999999994,2604.6031666666668,3082.300504820964,2949.152598836351,2681.4160328243415
sh000001,2014-12-25,2992.46,3072.54,2969.87,3073.35,37694777600.0,379018000000.0,0.0336426992207,3062.746,2941.542499999999,2591.1051666666667,3044.6507572314454,2927.2107671349145,2665.2742015532367
sh000001,2014-12-24,3039.21,2972.53,2934.91,3050.51,37680524600.0,378727000000.0,-0.0198113045784,3059.7419999999997,2919.439999999999,2578.9811666666665,3030.7061358471683,2911.912953149116,2651.4685796086314
sh000001,2014-12-23,3085.08,3032.61,3025.67,3136.84,43776240000.0,419468000000.0,-0.030322835413599997,3077.44,2901.030999999999,2568.4986666666664,3059.794203770752,2905.532211375339,2640.5851402776743
sh000001,2014-12-22,3129.27,3127.45,3090.51,3189.87,67937191500.0,624481000000.0,0.00606350905682,3075.2220000000007,2877.780499999999,2556.4505,3073.386305656128,2892.1556020464272,2627.2961602757327
sh000001,2014-12-19,3053.08,3108.6,3018.42,3117.53,52107351100.0,515580000000.0,0.0167047094689,3040.4160000000006,2848.0519999999988,2542.490833333333,3046.354458484192,2867.3877706828935,2610.3417905767633
sh000001,2014-12-18,3062.8,3057.52,3030.32,3089.79,43590495200.0,466525000000.0,-0.0011430830246099998,3006.330000000001,2816.961499999999,2529.5049999999997,3015.2316877262883,2841.9970097021455,2593.4516794645906
sh000001,2014-12-17,3031.95,3061.02,2993.33,3076.6,54250317900.0,580339000000.0,0.013073561037899998,2979.974000000001,2786.718499999999,2517.1451666666667,2994.0875315894323,2819.3103791444764,2577.720547722631
sh000001,2014-12-16,2953.81,3021.52,2943.91,3021.9,45384272300.0,492716000000.0,0.0230569905205,2955.772000000001,2756.216999999999,2504.5930000000003,2960.621297384148,2793.8672611596844,2561.337513038445
sh000001,2014-12-15,2921.45,2953.42,2890.9,2960.23,40037169500.0,411487000000.0,0.005189619535680001,2922.722000000001,2727.9594999999995,2492.5103333333336,2930.1719460762215,2769.903814965967,2545.738104334555
sh000001,2014-12-12,2929.36,2938.17,2914.96,2962.51,40948081100.0,420410000000.0,0.00424849345961,2936.090000000001,2703.9889999999996,2482.272333333334,2918.547919114332,2750.5863218044897,2531.9183768904427
sh000001,2014-12-11,2912.35,2925.74,2892.61,2965.68,48263273300.0,479801000000.0,-0.0048513506435,2935.9860000000017,2681.0215,2472.168666666667,2908.7368786714983,2730.84067146812,2518.1471331961775
sh000001,2014-12-10,2855.94,2940.01,2807.68,2946.71,51288691300.0,534990000000.0,0.029316916578900003,2930.7300000000014,2659.015,2461.9343333333336,2900.2353180072473,2710.3249526752907,2504.330423530657
sh000001,2014-12-09,2992.49,2856.27,2834.59,3091.32,77199837900.0,793361000000.0,-0.0542963548147,2898.634000000002,2636.7385,2451.572666666667,2880.3479770108706,2686.1475792726897,2489.561621768532
sh000001,2014-12-08,2907.82,3020.26,2879.85,3041.66,58757089000.0,593478000000.0,0.028121486346,2880.0900000000015,2617.4085,2442.743666666667,2892.3869655163057,2668.239956038236,2477.1308270585296
sh000001,2014-12-05,2926.57,2937.65,2813.05,2978.03,64050029600.0,639191000000.0,0.013171781189299998,2812.070000000002,2590.0789999999997,2431.1798333333336,2828.4504482744583,2631.1852145685766,2458.7196652426433
sh000001,2014-12-04,2783.47,2899.46,2772.43,2900.51,53268771800.0,509219000000.0,0.0431480198955,2761.108000000002,2564.1049999999996,2420.6666666666665,2773.8506724116874,2598.925763470532,2442.484735530842
sh000001,2014-12-03,2768.68,2779.53,2733.87,2824.18,56212028100.0,529777000000.0,0.005782428004609999,2707.3140000000017,2540.4249999999997,2410.486166666667,2711.046008617531,2567.2905806779563,2426.994045531803
sh000001,2014-12-02,2667.82,2763.55,2665.69,2777.37,43773338100.0,397239000000.0,0.0311138721455,2672.2780000000016,2522.4109999999996,2401.9281666666666,2676.804012926296,2544.9495891703727,2415.043671746937
sh000001,2014-12-01,2691.73,2680.16,2668.84,2720.74,44679174100.0,401120000000.0,-0.000998943282013,2633.088000000002,2505.7674999999995,2393.1275000000005,2633.4310193894435,2521.939019609359,2403.2298954068583
sh000001,2014-11-28,2629.63,2682.84,2622.06,2683.18,46588003500.0,401951000000.0,0.0199008852357,2603.6320000000023,2493.2609999999995,2385.4115000000006,2610.0665290841653,2505.284179568239,2393.8424321795046
sh000001,2014-11-27,2615.37,2630.49,2599.11,2631.4,36407571900.0,338961000000.0,0.010037456635,2564.422000000002,2480.1279999999997,2377.294500000001,2573.6797936262474,2486.5940932070007,2384.0459022398495
sh000001,2014-11-26,2572.65,2604.35,2570.4,2605.07,33712724900.0,316521000000.0,0.0143122148842,2528.856000000002,2468.1575000000003,2370.277500000001,2545.274690439371,2471.447155649843,2375.691863073061
sh000001,2014-11-25,2532.0,2567.6,2527.08,2568.38,31431557200.0,282169000000.0,0.0137069319142,2498.184000000002,2456.5915,2363.656833333334,2515.737035659057,2457.457382560353,2367.94073791241
sh000001,2014-11-24,2505.53,2532.88,2495.52,2546.75,36348583500.0,330291000000.0,0.0185331216013,2475.9380000000015,2445.1050000000005,2358.0180000000005,2489.8055534885852,2445.863422829864,2361.1726256404695
sh000001,2014-11-21,2452.64,2486.79,2446.65,2488.2,21223977400.0,197810000000.0,0.013915911704,2464.1640000000016,2432.9830000000006,2353.150166666667,2468.2683302328774,2436.7037831277444,2355.352035174057
sh000001,2014-11-20,2443.28,2452.66,2437.48,2458.32,16549521300.0,150800000000.0,0.000682990437318,2462.570000000001,2423.7575000000006,2348.8779999999997,2459.007495349316,2431.4315497727703,2350.8965097515174
sh000001,2014-11-19,2452.15,2450.99,2442.71,2461.49,18623577100.0,167069000000.0,-0.0021902273521100003,2469.160000000001,2416.2455000000004,2345.3371666666662,2462.181243023974,2429.1969760646407,2347.446898959096
sh000001,2014-11-18,2474.18,2456.37,2449.81,2477.05,20106257000.0,174659000000.0,-0.007131340265939999,2477.858000000001,2410.0235000000007,2341.9094999999998,2467.7768645359606,2426.902973545129,2343.9369623275397
sh000001,2014-11-17,2506.86,2474.01,2472.45,2508.77,21568780000.0,199265000000.0,-0.00194245335691,2480.518000000001,2404.1880000000006,2338.2944999999995,2473.4802968039407,2423.8011812867217,2340.1256717888223
sh000001,2014-11-14,2477.97,2478.82,2457.05,2481.03,22060761900.0,191925000000.0,-0.0027285096672600003,2480.450000000001,2398.3240000000005,2334.1731666666665,2473.215445205911,2418.516042474798,2335.5872185986573
sh000001,2014-11-13,2495.0,2485.61,2471.41,2507.74,29503705800.0,258312000000.0,-0.00355585702167,2468.320000000001,2391.4420000000005,2329.6339999999996,2470.4131678088656,2412.168257472145,2330.731868543099
sh000001,2014-11-12,2454.6,2494.48,2444.81,2494.92,25293385200.0,215739000000.0,0.010043029988200001,2456.3700000000013,2384.9865000000004,2325.255166666667,2462.814751713298,2404.4375477323706,2325.4817606776523
sh000001,2014-11-11,2483.65,2469.67,2445.96,2508.62,41190406500.0,331257000000.0,-0.00161702860483,2441.3240000000014,2378.9460000000004,2320.7071666666666,2446.982127569947,2394.959394862094,2319.7530048682443
sh000001,2014-11-10,2436.63,2473.67,2428.19,2474.16,30062820300.0,245234000000.0,0.022952057567500003,2433.526000000001,2373.4365000000007,2316.6234999999997,2435.63819135492,2387.0951206370514,2314.6710710560183
sh000001,2014-11-07,2427.9,2418.17,2407.44,2454.42,29117224500.0,244158000000.0,-0.00317124125672,2424.7980000000016,2368.053500000001,2311.9694999999992,2416.6222870323795,2377.981975440952,2309.281274909432
sh000001,2014-11-06,2419.62,2425.86,2401.75,2426.89,22200508800.0,179644000000.0,0.0027322472134,2425.2000000000016,2365.8720000000008,2308.1278333333325,2415.848430548569,2373.751657066315,2305.5901303087894
sh000001,2014-11-05,2432.17,2419.25,2415.5,2434.36,26360665400.0,201859000000.0,-0.00469951375687,2418.2440000000015,2364.047500000001,2304.6546666666663,2410.8426458228532,2368.2665683364535,2301.513184000746
sh000001,2014-11-04,2428.27,2430.68,2417.22,2435.22,30901303900.0,226504000000.0,0.000265428603409,2409.0000000000014,2362.224500000001,2301.3329999999996,2406.6389687342794,2362.899891319238,2297.522103900482
sh000001,2014-11-03,2425.23,2430.03,2418.17,2436.79,29882123500.0,227197000000.0,0.0040716013450300004,2390.4380000000015,2358.884000000001,2297.877166666666,2394.618453101419,2355.765143037053,2293.0082750527213
sh000001,2014-10-31,2393.18,2420.18,2384.48,2423.6,32576352200.0,249915000000.0,0.012171089501100001,2362.5200000000013,2355.268000000001,2293.7983333333327,2376.912679652128,2347.947789672532,2288.363468836946
sh000001,2014-10-30,2371.89,2391.08,2365.92,2397.26,29464594300.0,226611000000.0,0.00760462362465,2338.9400000000014,2351.6450000000013,2290.1546666666663,2355.279019478192,2340.344399111746,2283.895109878743
sh000001,2014-10-29,2343.72,2373.03,2339.71,2381.64,26558868700.0,225067000000.0,0.015038896500299999,2321.2080000000014,2349.346000000001,2286.657333333333,2337.378529217288,2335.0038095445616,2280.2617221170717
sh000001,2014-10-28,2294.01,2337.87,2294.01,2338.28,17859035700.0,158148000000.0,0.0207095851141,2311.9120000000016,2347.873500000001,2283.493333333333,2319.5527938259315,2331.001052654515,2277.1170332494808
sh000001,2014-10-27,2293.57,2290.44,2279.84,2293.64,13026156800.0,113380000000.0,-0.005144031134350001,2312.270000000002,2346.4660000000013,2280.828,2310.394190738897,2330.2780055655167,2275.0576096445056
sh000001,2014-10-24,2303.08,2302.28,2296.66,2314.88,13222528100.0,114331000000.0,-5.9936987983999994e-05,2325.5280000000016,2346.437500000001,2278.0974999999994,2320.3712861083454,2334.4714798355712,2274.5361724206696
sh000001,2014-10-23,2322.32,2302.42,2297.33,2329.93,16263630800.0,140597000000.0,-0.0103737159652,2333.308000000002,2347.796000000001,2274.8104999999996,2329.4169291625176,2337.860056660368,2273.595703199423
sh000001,2014-10-22,2339.22,2326.55,2324.59,2352.12,15269842500.0,138525000000.0,-0.0056008209750399995,2344.1240000000016,2348.471500000001,2271.0783333333325,2342.915393743776,2341.590588940407,2272.6186078665587
sh000001,2014-10-21,2355.03,2339.66,2337.55,2361.65,16882828800.0,146786000000.0,-0.00724351728328,2353.5480000000016,2347.538500000001,2266.893833333333,2351.0980906156638,2343.173808828871,2270.7904240647204
sh000001,2014-10-20,2346.05,2356.73,2340.46,2357.51,16002230500.0,141820000000.0,0.00663937563216,2357.5120000000015,2345.383500000001,2262.140833333333,2356.8171359234957,2343.5436834424368,2268.4558608250286
sh000001,2014-10-17,2352.78,2341.18,2312.83,2360.6,21230096200.0,179433000000.0,-0.00649904795207,2359.3680000000013,2344.504000000001,2257.179833333333,2356.8607038852433,2342.1556501205882,2265.463515343659
sh000001,2014-10-16,2361.13,2356.5,2353.41,2389.68,24820116800.0,203806000000.0,-0.007233945746460001,2366.040000000002,2344.0425000000005,2252.4199999999996,2364.701055827865,2342.2583501332815,2262.8968532678323
sh000001,2014-10-15,2358.23,2373.67,2344.37,2374.81,20280491500.0,171767000000.0,0.00601616885112,2372.6140000000014,2341.8015000000005,2247.5996666666665,2368.801583741797,2340.7592290946795,2259.7238632248313
sh000001,2014-10-14,2362.8,2359.48,2349.19,2380.52,19683141800.0,170160000000.0,-0.00276161248753,2374.438000000001,2339.0335000000005,2242.544499999999,2366.367375612695,2337.2949374204354,2255.861279777119
sh000001,2014-10-13,2366.43,2366.01,2341.12,2366.86,20089931400.0,175425000000.0,-0.00359269584846,2375.316000000001,2337.3860000000004,2237.663999999999,2369.8110634190425,2334.959667675218,2252.348778398351
sh000001,2014-10-10,2380.76,2374.54,2365.08,2386.28,22467112600.0,192248000000.0,-0.00620707290747,2373.656000000001,2335.407,2232.3464999999987,2371.711595128563,2331.6912116410303,2248.4958529237756
sh000001,2014-10-09,2383.86,2389.37,2367.11,2391.35,23592001000.0,200272000000.0,0.00276020503661,2368.292000000001,2332.023,2226.7431666666653,2370.2973926928444,2327.180812866402,2244.2231668667373
sh000001,2014-10-08,2368.58,2382.79,2354.29,2382.79,20439732600.0,180338000000.0,0.0080055163778,2359.438000000001,2326.986,2220.897166666665,2360.761089039266,2320.634582641813,2239.3029315379554
sh000001,2014-09-30,2361.32,2363.87,2354.27,2365.49,19391869000.0,166933000000.0,0.0026122794524,2351.596000000001,2321.1490000000003,2215.5843333333314,2349.746633558899,2314.0919071304247,2234.4389593367505
sh000001,2014-09-29,2353.71,2357.71,2346.58,2363.06,20011102100.0,171131000000.0,0.00425647373322,2340.766000000001,2314.731,2210.5186666666646,2342.6849503383482,2308.852107880996,2230.0514629087716
sh000001,2014-09-26,2339.29,2347.72,2329.96,2350.11,17474828500.0,148221000000.0,0.0011150896144000002,2327.1980000000012,2307.7055,2205.546499999998,2335.1724255075223,2303.709171868469,2225.7240512780763
sh000001,2014-09-25,2352.87,2345.1,2336.81,2365.15,22568832300.0,189260000000.0,0.000651995348986,2323.544000000001,2300.1105,2200.8049999999985,2328.8986382612834,2299.076453117782,2221.588591838483
sh000001,2014-09-24,2302.23,2343.58,2297.88,2345.75,22252572500.0,185691000000.0,0.0146584994359,2317.710000000001,2293.329,2196.043666666665,2320.7979573919247,2294.2318692354434,2217.4017607264964
sh000001,2014-09-23,2289.09,2309.72,2289.02,2311.53,15685516900.0,135397000000.0,0.00866950293161,2310.572000000001,2286.5055,2191.156999999999,2309.406936087887,2289.0373291549636,2213.124528350907
sh000001,2014-09-22,2323.55,2289.87,2284.38,2323.55,17584235400.0,147842000000.0,-0.016993274380999998,2307.940000000001,2282.4829999999997,2186.8004999999985,2309.2504041318307,2286.8602059081177,2209.8501024760026
sh000001,2014-09-19,2312.98,2329.45,2305.52,2331.56,17464848700.0,144345000000.0,0.0058391279867100005,2317.794000000001,2280.0299999999997,2182.577833333332,2318.940606197746,2286.5433854773933,2207.1375609156707
sh000001,2014-09-18,2303.85,2315.93,2297.93,2319.88,18908904500.0,144519000000.0,0.00348153055623,2318.2940000000012,2275.0804999999996,2177.731666666665,2313.6859092966192,2282.026899738172,2202.9913723343093
sh000001,2014-09-17,2298.98,2307.89,2282.8,2309.05,21084245300.0,159122000000.0,0.004936959924760001,2317.4440000000013,2271.2944999999995,2172.8911666666654,2312.563863944929,2278.45815234219,2199.1629402628973
sh000001,2014-09-16,2341.03,2296.56,2293.87,2347.94,30269411100.0,237659000000.0,-0.0182054088255,2319.528000000001,2268.1665,2168.3251666666647,2314.900795917393,2275.360063115052,2195.4772732247097
sh000001,2014-09-15,2330.19,2339.14,2321.59,2340.45,21511241400.0,185394000000.0,0.00308325650207,2325.5220000000018,2265.312,2163.7886666666645,2324.0711938760896,2273.1284908113735,2192.050736272455
sh000001,2014-09-12,2308.35,2331.95,2302.78,2331.95,19347154000.0,162103000000.0,0.008768951052459999,2322.980000000002,2259.6915,2158.580833333331,2316.5367908141343,2266.179910896781,2187.064653756939
sh000001,2014-09-11,2315.73,2311.68,2304.6,2343.6,22222179800.0,197233000000.0,-0.00285812263701,2317.962000000002,2253.4175000000005,2153.443999999998,2308.8301862212015,2259.256743622758,2182.1532802023207
sh000001,2014-09-10,2318.5,2318.31,2306.42,2321.91,18982899100.0,163455000000.0,-0.00353402303089,2313.3520000000017,2248.9775,2149.174666666665,2307.405279331802,2253.738506109364,2177.7625384981548
sh000001,2014-09-09,2328.43,2326.53,2315.89,2331.92,19699031800.0,172908000000.0,4.0835064167e-05,2302.9000000000024,2244.1420000000003,2144.981166666665,2301.952918997703,2246.941506752455,2172.998211666503
sh000001,2014-09-05,2311.31,2326.43,2307.45,2327.56,21318191700.0,185840000000.0,0.008483385655489999,2284.696000000002,2239.0480000000002,2140.9719999999984,2289.664378496554,2238.5637706211346,2167.7937373728073
sh000001,2014-09-04,2290.03,2306.86,2283.28,2307.7,19948997800.0,179386000000.0,0.00796765921227,2262.8500000000017,2232.4480000000003,2136.710166666665,2271.281567744831,2229.314693844412,2162.416229581635
sh000001,2014-09-03,2268.4,2288.63,2268.1,2290.55,21247899800.0,187558000000.0,0.009964934515889999,2240.6420000000016,2226.4885000000004,2132.457666666665,2253.492351617246,2221.1520300385605,2157.51982365275
sh000001,2014-09-02,2239.68,2266.05,2234.38,2267.51,19212486900.0,170932000000.0,0.013659069447700001,2224.8100000000013,2222.9305000000004,2128.5629999999983,2235.923527425869,2214.049085832093,2153.0754043901425
sh000001,2014-09-01,2220.13,2235.51,2217.69,2236.29,12916658300.0,117216000000.0,0.0082586144687,2213.0220000000018,2220.6255,2125.0043333333315,2220.8602911388034,2208.5753053933663,2149.2457512860537
sh000001,2014-08-29,2198.95,2217.2,2193.26,2218.7,10520249600.0,93043872850.0,0.009737601203739999,2211.7740000000017,2220.0165,2121.5874999999983,2213.535436708205,2205.7400743821418,2146.3215348901235
sh000001,2014-08-28,2210.48,2195.82,2194.86,2219.47,12422901400.0,109267000000.0,-0.00617660836447,2216.4960000000015,2218.4215000000004,2118.4668333333316,2211.7031550623074,2204.533766422367,2143.9188711693464
sh000001,2014-08-27,2207.03,2209.47,2204.05,2216.67,12088588500.0,104090000000.0,0.00106882043726,2223.4240000000013,2218.7085,2115.8844999999983,2219.6447325934605,2205.4510049931428,2142.1595079275867
sh000001,2014-08-26,2225.29,2207.11,2200.62,2232.79,16350742400.0,134123000000.0,-0.009944044563389999,2229.5720000000015,2217.297,2112.807166666665,2224.7320988901906,2205.027952887158,2139.877792386541
sh000001,2014-08-25,2241.1,2229.27,2222.01,2241.55,16211957800.0,134450000000.0,-0.0051490263351,2237.2160000000013,2216.101,2110.0014999999985,2233.5431483352854,2204.8087900331743,2137.5987304269706
sh000001,2014-08-22,2228.97,2240.81,2225.27,2243.3,16011167200.0,140353000000.0,0.0046420959282799995,2239.256000000001,2213.5350000000003,2106.8338333333318,2235.679722502928,2202.23392582614,2134.4912240197486
sh000001,2014-08-21,2239.57,2230.46,2211.63,2240.08,16573349800.0,140880000000.0,-0.00435360776284,2236.4400000000014,2207.8250000000003,2103.4969999999985,2233.114583754392,2198.173286439418,2130.8871908280403
sh000001,2014-08-20,2241.66,2240.21,2233.89,2248.94,16765838300.0,139628000000.0,-0.00227984305202,2231.642000000001,2201.5550000000003,2100.4931666666653,2234.4418756315877,2194.7746850119884,2127.5118346956388
sh000001,2014-08-19,2242.34,2245.33,2227.93,2246.02,17774459200.0,155445000000.0,0.00261848137011,2228.1760000000013,2193.469,2097.0658333333317,2231.5578134473812,2189.9920202764083,2123.6915501017706
sh000001,2014-08-18,2229.8,2239.47,2228.13,2242.04,16392862600.0,141493000000.0,0.00571779116859,2223.430000000001,2184.9765,2093.6683333333317,2224.6717201710717,2184.166969779188,2119.5682041085915
sh000001,2014-08-15,2207.23,2226.73,2203.24,2230.87,14997869100.0,129407000000.0,0.00918572957843,2220.4660000000013,2175.7270000000003,2090.2533333333317,2217.2725802566074,2178.3455981769976,2115.5037275761065
sh000001,2014-08-14,2221.54,2206.47,2204.38,2230.89,17014912300.0,141707000000.0,-0.00738277466545,2214.0060000000017,2167.344,2086.8293333333318,2212.543870384911,2173.2525032482604,2111.7333369479716
sh000001,2014-08-13,2223.05,2222.88,2202.44,2230.99,17806280600.0,146491000000.0,0.000577062875997,2210.246000000002,2159.8,2083.8039999999983,2215.580805577366,2169.755924642814,2108.521917145223
sh000001,2014-08-12,2222.7,2221.6,2210.0,2222.98,15479904600.0,132394000000.0,-0.00137504528794,2209.1640000000016,2152.0200000000004,2080.2246666666647,2211.9312083660484,2164.1639167104786,2104.6453626085618
sh000001,2014-08-11,2199.43,2224.65,2198.31,2225.96,15058342100.0,126097000000.0,0.0137753625665,2208.834000000001,2144.4580000000005,2076.6176666666647,2207.096812549072,2158.1180132063187,2100.6807887373106
sh000001,2014-08-08,2188.71,2194.43,2180.6,2199.58,13518144300.0,109729000000.0,0.00308821855592,2208.570000000001,2136.5580000000004,2073.315166666665,2198.320218823608,2151.1146461754047,2096.4784317522176
sh000001,2014-08-07,2216.66,2187.67,2185.76,2220.57,17523327400.0,137306000000.0,-0.0134369651832,2206.7440000000015,2129.1845000000003,2070.4908333333315,2200.2653282354117,2146.5551352465,2093.15803075241
sh000001,2014-08-06,2212.0,2217.47,2192.99,2223.89,17771170700.0,140363000000.0,-0.00111714479413,2209.5220000000013,2121.7180000000003,2068.1614999999983,2206.5629923531174,2142.2272547461316,2089.9542263501985
sh000001,2014-08-05,2224.63,2219.95,2206.85,2226.84,17538698700.0,141475000000.0,-0.00152294012902,2202.276000000001,2112.7750000000005,2065.3824999999983,2201.1094885296757,2134.3069657720403,2085.6316454283233
sh000001,2014-08-04,2190.04,2223.33,2186.92,2224.07,17409740300.0,140089000000.0,0.017401705850400004,2194.9240000000013,2104.9785,2062.5978333333314,2191.6892327945134,2125.291909537518,2081.078467445534
sh000001,2014-08-01,2194.17,2185.3,2184.64,2218.79,19147504200.0,151884000000.0,-0.00738521104561,2185.848000000001,2096.8085,2059.0613333333317,2175.86884919177,2114.9721105414674,2076.2563669006895
sh000001,2014-07-31,2179.54,2201.56,2173.9,2202.13,16469165400.0,132438000000.0,0.009315330754070001,2174.110000000001,2090.5125,2056.227499999998,2171.153273787655,2107.5691748089903,2072.5599609115357
sh000001,2014-07-30,2178.18,2181.24,2177.24,2194.57,18492218700.0,149567000000.0,-0.00089272954463,2154.810000000001,2083.5960000000005,2053.036166666665,2155.9499106814824,2097.6754037362525,2068.1870639851863
sh000001,2014-07-29,2179.83,2183.19,2172.1,2193.52,20026425700.0,159282000000.0,0.00240777098443,2134.260000000001,2077.505,2050.482833333331,2143.3048660222235,2088.8791304453316,2064.3547481618725
sh000001,2014-07-28,2135.25,2177.95,2135.25,2181.5,23618575200.0,180414000000.0,0.024138842309900002,2112.7180000000008,2070.8645,2047.885499999998,2123.362299033335,2078.9516704922085,2060.3264205125765
sh000001,2014-07-25,2108.71,2126.61,2106.71,2127.22,14249582600.0,111412000000.0,0.010238178257899999,2088.0240000000003,2064.3835000000004,2045.358999999998,2096.068448550003,2068.5307937019147,2056.3391661746496
sh000001,2014-07-24,2079.63,2105.06,2079.63,2107.95,16567699600.0,128678000000.0,0.0127847681657,2074.5160000000005,2059.8785000000003,2043.5878333333314,2080.7976728250037,2062.4171930389584,2053.957095144196
sh000001,2014-07-23,2074.2,2078.49,2072.23,2088.19,13729221100.0,106702000000.0,0.0014493025953999999,2064.6220000000003,2056.5595000000003,2041.8949999999982,2068.666509237505,2057.9284765167436,2052.224786617848
sh000001,2014-07-22,2050.5,2075.48,2049.82,2078.09,12319186800.0,98702436643.0,0.0102225430389,2062.3800000000006,2053.9100000000008,2041.1954999999982,2063.754763856258,2055.76410562377,2051.3344368588196
sh000001,2014-07-21,2057.77,2054.48,2049.18,2061.82,9385787000.0,75706180211.0,-0.00222819364304,2061.3560000000007,2051.8325000000004,2040.8879999999983,2057.8921457843862,2053.688748321009,2050.515939825833
sh000001,2014-07-18,2047.5,2059.07,2046.0,2067.23,10664109400.0,82510264416.0,0.0016909978687400001,2063.790000000001,2050.327,2041.1029999999985,2059.598218676579,2053.6054586705886,2050.381564333133
sh000001,2014-07-17,2062.89,2055.59,2046.19,2062.89,10449181200.0,79106281032.0,-0.00565236572185,2061.368000000001,2048.7070000000003,2041.3323333333317,2059.862328014868,2053.0302437938085,2050.087039795019
sh000001,2014-07-16,2068.34,2067.28,2061.57,2075.49,13712802000.0,102030000000.0,-0.0014881491452900001,2057.9180000000006,2047.1145000000001,2041.5029999999983,2061.998492022302,2052.7607957721043,2049.9004979229967
sh000001,2014-07-15,2065.9,2070.36,2059.68,2070.36,12448876800.0,102894000000.0,0.00179566311792,2052.1840000000007,2046.5265,2042.0108333333317,2059.3577380334523,2051.232458484957,2049.311359490017
sh000001,2014-07-14,2047.74,2066.65,2044.9,2067.34,11511974000.0,96357013657.0,0.009616695188620001,2050.9160000000006,2046.3434999999997,2042.4863333333317,2053.856607050178,2049.219033062321,2048.597842784679
sh000001,2014-07-11,2033.87,2046.96,2033.0,2051.74,10508808300.0,86253717656.0,0.00422843664115,2049.572000000001,2047.31,2043.1274999999985,2047.4599105752668,2047.384194437302,2047.985902177092
sh000001,2014-07-10,2036.54,2038.34,2034.96,2045.53,9794381900.0,84748630822.0,-0.000132443054392,2052.056000000001,2048.498,2044.0381666666651,2047.7098658629,2047.428846483334,2048.020678702746
sh000001,2014-07-09,2061.64,2038.61,2037.6,2062.47,11330584100.0,97183492310.0,-0.012310436764,2057.0340000000006,2049.1665000000003,2045.5914999999984,2052.3947987943498,2048.3855671657902,2048.3488390654584
sh000001,2014-07-08,2058.13,2064.02,2047.2,2064.43,9505339300.0,81584449261.0,0.0019874490698,2061.196000000001,2049.9835,2047.123666666665,2059.2871981915246,2049.4145742358733,2048.678971036588
sh000001,2014-07-07,2058.13,2059.93,2050.89,2064.04,9716875400.0,81471314663.0,0.00026804248861900004,2058.4680000000008,2049.409,2048.2949999999983,2056.9207972872864,2047.8771609975443,2048.1589331706573
sh000001,2014-07-04,2062.36,2059.38,2054.22,2065.08,10500879200.0,83596436667.0,-0.00186794582666,2056.1480000000006,2047.9375,2049.050166666665,2055.4161959309295,2046.6084411025488,2047.7599115874468
sh000001,2014-07-03,2051.63,2063.23,2048.08,2066.64,12292658200.0,96182469062.0,0.00185052281761,2051.574000000001,2046.4665,2049.698499999998,2053.4342938963937,2045.2640664817645,2047.3660078677865
sh000001,2014-07-02,2049.49,2059.42,2044.04,2060.6,10955391100.0,89304983545.0,0.00440747353784,2046.6640000000011,2045.3489999999997,2049.6251666666653,2048.5364408445903,2043.372915585108,2046.8282420102682
sh000001,2014-07-01,2051.23,2050.38,2041.94,2052.64,9845740900.0,83499762384.0,0.0010027695773200001,2039.880000000001,2043.6195,2049.363166666665,2043.094661266885,2041.683748804593,2046.401399956067
sh000001,2014-06-30,2038.61,2048.33,2038.53,2052.34,9666659800.0,80011169570.0,0.00580257401142,2036.5900000000008,2043.039,2049.5066666666653,2039.4519919003271,2040.7683539419188,2046.2665312431632
sh000001,2014-06-27,2031.91,2036.51,2025.07,2043.98,9759201700.0,76710586646.0,-0.0010629442525700002,2031.7980000000007,2042.5829999999999,2049.492166666665,2035.0129878504906,2039.972391198963,2046.1965826591718
sh000001,2014-06-26,2025.66,2038.68,2025.31,2040.75,8095577800.0,66534274736.0,0.006504560350959999,2029.8300000000006,2042.7874999999997,2049.438833333332,2034.2644817757357,2040.3368534304325,2046.5249437741895
sh000001,2014-06-25,2030.43,2025.5,2018.36,2030.62,6753961000.0,55989137975.0,-0.00414419171545,2026.8420000000006,2043.3649999999998,2049.489333333332,2032.0567226636035,2040.5112590546887,2046.7908760651442
sh000001,2014-06-24,2023.7,2033.93,2021.75,2034.71,7121463400.0,61684910986.0,0.0047254324195500005,2032.8460000000007,2043.8184999999999,2049.8408333333323,2035.335083995405,2042.0913915867611,2047.5126062712743
sh000001,2014-06-23,2026.23,2024.37,2022.92,2033.32,7048516200.0,57772730103.0,-0.00113930508804,2039.4000000000008,2044.196,2050.336499999999,2036.0376259931074,2042.9504854379993,2047.9730372920314
sh000001,2014-06-20,2013.41,2026.67,2010.53,2027.15,6716724600.0,53224269342.0,0.0014522652422399999,2051.7220000000007,2044.7059999999997,2051.0521666666655,2041.8714389896609,2044.9063260104201,2048.773146879861
sh000001,2014-06-19,2054.62,2023.74,2017.65,2059.26,9291427400.0,74628946056.0,-0.0154627614729,2060.5320000000006,2044.437,2051.712333333332,2049.472158484491,2046.825939274675,2049.5224125140976
sh000001,2014-06-18,2064.38,2055.52,2051.75,2066.91,8724535000.0,70472931939.0,-0.00540911153928,2066.126000000001,2044.4975,2052.110333333332,2062.338237726736,2049.2560381456933,2050.396400339393
sh000001,2014-06-17,2080.48,2066.7,2064.67,2080.48,8780048100.0,70923265343.0,-0.009245041786049998,2066.0120000000006,2042.1275,2051.076333333332,2065.747356590104,2048.596673739977,2050.222717404682
sh000001,2014-06-16,2070.7,2085.98,2069.44,2087.32,9593977000.0,79953076117.0,0.007373298594930001,2063.178000000001,2039.0515000000003,2050.3268333333317,2065.271034885156,2046.691060449448,2049.664160164645
sh000001,2014-06-13,2049.21,2070.72,2048.62,2073.6,9717480600.0,82546974059.0,0.009261529268469999,2052.082000000001,2036.0775,2049.313833333332,2054.916552327734,2042.5553826020216,2048.4331026974855
sh000001,2014-06-12,2051.58,2051.71,2045.96,2057.11,8171118600.0,69306421819.0,-0.0015742490807500002,2043.930000000001,2033.7900000000002,2048.529666666665,2047.0148284916004,2039.5906860338134,2047.6776070082365
sh000001,2014-06-11,2049.13,2054.95,2045.41,2056.63,7444435400.0,63177390287.0,0.00117708274463,2041.764000000001,2033.6000000000004,2047.7401666666651,2044.6672427374003,2038.3149687742148,2047.5409142902547
sh000001,2014-06-10,2033.21,2052.53,2026.39,2052.77,7962371700.0,65406104835.0,0.0108495337606,2035.7400000000011,2033.3890000000006,2047.1428333333317,2039.5258641061005,2036.5639128557111,2047.2897561256902
sh000001,2014-06-09,2024.94,2030.5,2023.2,2045.26,6478831700.0,55139842258.0,0.000268971347162,2032.9880000000012,2033.4060000000009,2046.2288333333317,2033.0237961591504,2034.8832721036806,2047.1121187534825
sh000001,2014-06-06,2040.86,2029.96,2022.16,2041.57,6602174400.0,55124242502.0,-0.0053516182741,2034.7300000000014,2032.4380000000008,2045.739833333332,2034.2856942387255,2035.3446691672261,2047.6752479344304
sh000001,2014-06-05,2019.44,2040.88,2016.18,2041.7,6794953600.0,56376142155.0,0.00792361250354,2036.8580000000015,2031.7035000000008,2045.2249999999985,2036.448541358088,2035.9114764479866,2048.2757719926717
sh000001,2014-06-04,2037.99,2024.83,2012.91,2038.48,7241277100.0,57467546430.0,-0.00683646822695,2038.7280000000017,2030.163500000001,2045.508833333332,2034.232812037132,2035.3884739688274,2048.5264792267535
sh000001,2014-06-03,2039.2,2038.77,2037.3,2049.58,7158412400.0,59296437014.0,-0.00021576962081400002,2040.6760000000017,2030.324000000001,2046.0879999999986,2038.9342180556978,2036.4998922813354,2049.3297599741136
sh000001,2014-05-30,2040.39,2039.21,2031.37,2046.96,7514889800.0,62353642382.0,-0.0006777435012829999,2041.2180000000014,2029.753000000001,2046.3264999999985,2039.0163270835465,2036.2609335741076,2049.6877226687952
sh000001,2014-05-29,2051.84,2040.6,2039.24,2057.08,8124292100.0,69472513686.0,-0.00469850182516,2040.2900000000016,2029.1105000000011,2046.8641666666651,2038.9194906253194,2035.9505055292768,2050.042904560207
sh000001,2014-05-28,2034.56,2050.23,2029.34,2052.66,8133864200.0,68602224952.0,0.00769845151175,2036.4280000000012,2028.097500000001,2047.4414999999983,2038.079235937979,2035.4610850586746,2050.3630075407127
sh000001,2014-05-27,2039.79,2034.57,2032.84,2044.15,6757788900.0,55920518535.0,-0.0033852957370100003,2031.3720000000017,2025.7605000000008,2047.5426666666651,2032.0038539069685,2033.9064624332718,2050.3675163367425
sh000001,2014-05-26,2042.03,2041.48,2035.09,2045.38,7028122000.0,59840433362.0,0.00339482219576,2026.0820000000017,2025.8580000000006,2047.755666666665,2030.7207808604526,2033.8366163736164,2050.9030334497
sh000001,2014-05-23,2020.12,2034.57,2017.74,2034.57,6348806500.0,51464939986.0,0.00657205688461,2018.822000000002,2026.6355000000003,2047.751833333332,2025.3411712906786,2033.0320496761024,2051.2224632982393
sh000001,2014-05-22,2023.15,2021.29,2018.88,2041.96,7472847400.0,59501663401.0,-0.0018104141779200001,2017.208000000002,2028.2760000000003,2047.7459999999985,2020.7267569360179,2032.8701601683238,2051.786962689233
sh000001,2014-05-21,2001.31,2024.95,1991.06,2025.19,6181154700.0,48415094175.0,0.00838197337907,2017.9440000000018,2030.8530000000003,2048.669333333332,2020.4451354040266,2034.0891243965684,2052.820775283479
sh000001,2014-05-20,2011.85,2008.12,2002.76,2018.16,6134538200.0,49549015106.0,0.0014642055114200002,2022.5360000000014,2032.8970000000004,2050.148333333332,2018.1927031060397,2035.051137490944,2053.765563624849
sh000001,2014-05-19,2023.01,2005.18,1996.02,2023.27,6532943800.0,52975245931.0,-0.0105210747178,2031.0580000000016,2037.3785000000003,2052.3259999999987,2023.2290546590596,2037.885994068938,2055.312898463139
sh000001,2014-05-16,2023.6,2026.5,2012.69,2027.76,6635366000.0,51625885302.0,0.00075556525664,2040.5960000000014,2042.0640000000003,2054.615499999999,2032.253581988589,2041.328730286721,2057.012350087252
sh000001,2014-05-15,2044.38,2024.97,2022.86,2047.32,7584515400.0,59773445331.0,-0.011199710924799999,2037.5240000000013,2045.9950000000003,2056.1583333333324,2035.1303729828833,2042.8896492642707,2058.0466867586624
sh000001,2014-05-14,2049.27,2047.91,2042.74,2056.57,7201112500.0,56455292293.0,-0.0013741461568800002,2035.5840000000014,2049.8265,2057.9991666666656,2040.2105594743246,2044.775928134194,2059.167952478805
sh000001,2014-05-13,2055.08,2050.73,2043.55,2061.06,9722338800.0,73741718051.0,-0.0010439038790099999,2028.0180000000014,2054.0080000000003,2059.131499999999,2036.3608392114866,2044.44602583253,2059.5495857639085
sh000001,2014-05-12,2022.93,2052.87,2016.64,2055.51,11574207700.0,88097002894.0,0.0207524606752,2023.4800000000014,2057.9985,2059.925999999999,2029.1762588172298,2043.7845548675332,2059.8485610722423
sh000001,2014-05-09,2016.5,2011.14,2001.3,2020.45,7622424400.0,57505383717.0,-0.0020538150147300003,2018.3760000000016,2062.07,2060.877499999999,2017.3293882258445,2042.8281922220106,2060.085127617926
sh000001,2014-05-08,2006.85,2015.27,2005.69,2036.94,7786539300.0,59529365546.0,0.00258248042494,2021.420000000002,2066.775,2062.4196666666658,2020.4240823387665,2046.1637914032747,2061.7443218557137
sh000001,2014-05-07,2023.15,2010.08,2008.45,2024.63,7436019200.0,57558051925.0,-0.008853384404040002,2022.4340000000018,2070.9255000000003,2063.599666666666,2023.0011235081495,2049.415769445725,2063.319759282359
sh000001,2014-05-06,2024.26,2028.04,2021.49,2038.71,7460941100.0,57548110850.0,0.000337878997885,2021.1160000000018,2073.3630000000003,2064.1733333333327,2029.461685262224,2053.556376755801,2065.12454033606
sh000001,2014-05-05,2022.18,2027.35,2007.35,2028.96,7993339500.0,60093487736.0,0.000491028732337,2022.8120000000017,2074.1459999999997,2064.2573333333326,2030.1725278933357,2056.2423111511484,2066.3816746903385
sh000001,2014-04-30,2020.44,2026.36,2016.58,2029.54,7452857800.0,57677357948.0,0.0029782101140300005,2028.7480000000019,2075.728,2064.6333333333328,2031.5837918400032,2059.2836070617955,2067.7048163584673
sh000001,2014-04-29,2001.9,2020.34,1997.64,2021.68,7622127500.0,56776480980.0,0.00841233309724,2036.9520000000018,2076.783,2064.8358333333326,2034.1956877600046,2062.749249910406,2069.106372849295
sh000001,2014-04-28,2033.34,2003.49,2000.14,2035.99,8979526200.0,68541492566.0,-0.0162198339421,2047.4500000000019,2077.4314999999997,2065.0518333333325,2041.1235316400068,2067.213381479922,2070.759515711459
sh000001,2014-04-25,2060.54,2036.52,2035.57,2065.64,9304233300.0,74155877478.0,-0.00997261589872,2059.918000000002,2079.3424999999997,2065.900166666666,2059.9402974600102,2073.9211058462297,2073.0399031372253
sh000001,2014-04-24,2064.16,2057.03,2056.19,2075.76,7818595500.0,64407532370.0,-0.0050058479758500005,2072.1640000000016,2079.846,2065.994499999999,2071.6504461900154,2077.8580643563596,2074.277902360489
sh000001,2014-04-23,2068.08,2067.38,2059.11,2076.35,7853152100.0,66156169573.0,-0.00262877195488,2080.5360000000014,2080.178,2065.906499999999,2078.960669285023,2080.0504921833444,2074.86259479329
sh000001,2014-04-22,2062.79,2072.83,2047.33,2073.66,9871988200.0,82468105678.0,0.0033908954578000003,2088.084000000001,2080.1745,2064.921999999999,2084.7510039275344,2081.384228202644,2075.1162500477676
sh000001,2014-04-21,2085.98,2065.83,2065.23,2103.08,9637836900.0,81654552342.0,-0.0152172710926,2093.838000000001,2079.8469999999998,2063.5623333333324,2090.7115058913014,2082.2846732766066,2075.1937525681687
sh000001,2014-04-18,2091.48,2097.75,2081.19,2099.64,8815569500.0,72555982418.0,-0.0005417161969330001,2106.980000000001,2078.9365,2062.5476666666655,2103.1522588369517,2084.0167441478284,2075.5111785753033
sh000001,2014-04-17,2108.95,2098.89,2095.71,2110.72,8989632500.0,74257033528.0,-0.00296277365397,2113.5380000000014,2073.723,2061.313499999999,2105.853388255427,2082.5711382686522,2074.757294031939
sh000001,2014-04-16,2097.21,2105.12,2092.16,2112.05,8936165700.0,75099477740.0,0.0016753893817100002,2120.6200000000017,2069.8650000000002,2060.054499999999,2109.33508238314,2080.8533633495626,2073.939206818722
sh000001,2014-04-15,2125.9,2101.6,2098.15,2125.9,10753115100.0,91135360828.0,-0.0140452508727,2120.644000000001,2065.8689999999997,2058.7498333333324,2111.44262357471,2078.2989805442535,2072.882191526179
sh000001,2014-04-14,2127.41,2131.54,2116.61,2134.43,10207785300.0,86591714588.0,0.0004679560412330001,2119.9800000000014,2061.9725,2057.2158333333323,2116.363935362065,2075.8462416541743,2071.908669115705
sh000001,2014-04-11,2130.37,2130.54,2120.18,2138.65,13176835900.0,111637000000.0,-0.00176076465352,2105.438000000001,2055.6124999999997,2055.2451666666657,2108.7759030430975,2069.983740775666,2069.8871878249915
sh000001,2014-04-10,2105.88,2134.3,2098.08,2146.67,15678960900.0,129842000000.0,0.0138050965283,2088.0700000000015,2050.0409999999997,2053.529833333332,2097.893854564646,2063.6093976994202,2067.8310759084384
sh000001,2014-04-09,2100.65,2105.24,2095.64,2108.75,10534047100.0,87366776078.0,0.00331366011465,2073.0080000000016,2043.2104999999997,2052.030499999999,2079.6907818469685,2056.1682816677794,2065.5777964289273
sh000001,2014-04-08,2054.53,2098.28,2052.9,2102.45,13337098300.0,107966000000.0,0.0191628161806,2061.452000000002,2038.0065,2051.0651666666654,2066.9161727704527,2051.0028376328087,2064.233255965929
sh000001,2014-04-04,2037.55,2058.83,2035.22,2060.1,8318905600.0,66368648237.0,0.007402742669920001,2048.4580000000014,2033.0459999999998,2050.188999999999,2051.234259155679,2046.0262942257352,2063.079076698366
sh000001,2014-04-03,2063.5,2043.7,2037.45,2066.01,10861842100.0,79480900734.0,-0.00742403549705,2045.0340000000015,2033.0,2050.5941666666654,2047.436388733518,2044.678535723181,2063.223119951591
sh000001,2014-04-02,2049.42,2058.99,2046.74,2060.78,10265852500.0,77940636053.0,0.005630390825709999,2045.6120000000014,2033.7940000000003,2051.688999999999,2049.304583100277,2044.7815394835156,2063.884952716969
sh000001,2014-04-01,2031.01,2047.46,2028.1,2050.68,8328657600.0,64512636953.0,0.00696107718169,2046.5480000000014,2033.4985000000004,2052.638833333332,2044.461874650415,2043.2859120607277,2064.050891635847
sh000001,2014-03-31,2043.05,2033.31,2024.19,2048.13,9435653600.0,71573688750.0,-0.00411713307264,2050.5180000000014,2034.6990000000005,2053.473333333332,2042.9628119756223,2042.8465343829096,2064.6133238918746
sh000001,2014-03-28,2046.85,2041.71,2035.24,2060.13,12168196500.0,94221958284.0,-0.0023825019984499997,2057.112000000002,2036.7955000000006,2054.6056666666655,2047.7892179634334,2043.8503801074264,2065.674510378858
sh000001,2014-03-27,2060.81,2046.59,2042.71,2073.98,11914937400.0,94996460806.0,-0.00827748622599,2058.2940000000017,2037.5250000000008,2055.128833333332,2050.82882694515,2044.0756832766294,2066.4869116709724
sh000001,2014-03-26,2070.57,2063.67,2057.65,2074.57,10261111600.0,80463446277.0,-0.00176122508902,2047.6720000000016,2037.5630000000008,2056.1248333333324,2052.9482404177247,2043.81101835838,2067.1614218885165
sh000001,2014-03-25,2063.32,2067.31,2057.49,2079.55,13182223200.0,100174000000.0,0.000499448525586,2039.2840000000015,2036.442000000001,2056.6121666666654,2047.5873606265866,2041.720599238209,2067.2797821822855
sh000001,2014-03-24,2050.83,2066.28,2043.33,2074.06,14770008500.0,110244000000.0,0.00911302346775,2030.8620000000017,2034.787500000001,2056.9854999999993,2037.7260409398798,2039.026978105388,2067.27875778676
sh000001,2014-03-21,1987.68,2047.62,1986.07,2052.47,14447765600.0,109438000000.0,0.0271585504538,2022.3400000000015,2035.3080000000014,2057.293999999999,2023.4490614098195,2036.158238958586,2067.31261612629
sh000001,2014-03-20,2017.22,1993.48,1993.0,2030.85,11033304800.0,88630977588.0,-0.0139756268629,2013.6840000000016,2038.6115000000013,2058.6301666666654,2011.363592114729,2034.9517377963316,2067.9802061293603
sh000001,2014-03-19,2019.98,2021.73,2002.44,2022.18,9518079700.0,79473241174.0,-0.0017094641703800002,2018.8100000000018,2045.876500000001,2061.210333333332,2020.3053881720932,2039.3171838801572,2070.505807749409
sh000001,2014-03-18,2026.22,2025.2,2020.41,2034.92,9677719300.0,83580456683.0,0.0007525919454380001,2014.0020000000018,2051.917500000001,2063.366166666666,2019.5930822581397,2041.1684663938588,2072.159340646382
sh000001,2014-03-17,2009.88,2023.67,1999.25,2024.37,8625037400.0,72017781997.0,0.00964607284496,2009.1940000000018,2056.6110000000012,2065.6271666666657,2016.7896233872093,2042.8493575932127,2073.751297854834
sh000001,2014-03-14,2008.83,2004.34,1990.98,2017.91,8777511100.0,69925888157.0,-0.00731609109157,2004.2740000000017,2062.1985000000013,2068.500666666666,2013.349435080814,2044.8682373398676,2075.449095940095
sh000001,2014-03-13,2000.7,2019.11,1996.53,2029.12,10097811600.0,77979057254.0,0.0107218730415,2014.9880000000016,2067.7740000000013,2071.8083333333325,2017.8541526212207,2049.1343675861717,2077.8597601638426
sh000001,2014-03-12,1996.24,1997.69,1974.38,2011.06,10136171900.0,79293072715.0,-0.00173149832822,2023.0820000000015,2071.7385000000013,2074.8926666666657,2017.2262289318307,2052.294827332086,2079.851436676494
sh000001,2014-03-11,1994.42,2001.16,1985.6,2008.07,9270526500.0,76870326506.0,0.00104648923372,2034.1600000000012,2077.352000000001,2078.8893333333326,2026.994343397746,2058.042703893361,2082.636800339267
sh000001,2014-03-10,2042.35,1999.07,1995.55,2042.63,11569666600.0,95032992605.0,-0.0285936008801,2048.222000000001,2082.477500000001,2082.8399999999992,2039.9115150966188,2064.030356934771,2085.398961811829
sh000001,2014-03-07,2058.38,2057.91,2050.47,2079.49,10370954000.0,89332133920.0,-0.0008108457169380001,2063.456000000001,2086.827500000001,2086.8073333333323,2060.3322726449283,2070.868289243699,2088.3256258694737
sh000001,2014-03-06,2050.03,2059.58,2030.95,2065.79,10929013300.0,92561446561.0,0.0031630464218699995,2063.134000000001,2086.1570000000006,2089.9598333333324,2061.543408967392,2072.2323196904053,2089.3567582238675
sh000001,2014-03-05,2073.3,2053.08,2050.18,2074.82,10773308200.0,91623332621.0,-0.00887725787399,2060.688000000001,2084.832000000001,2093.1628333333324,2062.525113451088,2073.564142815712,2090.3662351955836
sh000001,2014-03-04,2068.11,2071.47,2050.13,2074.03,11592579200.0,101116000000.0,-0.00181280674237,2058.322000000001,2084.673500000001,2095.989333333332,2067.2476701766323,2075.7203683752628,2091.6302987991826
sh000001,2014-03-03,2052.08,2075.24,2047.07,2078.33,12746089100.0,104981000000.0,0.00920730515265,2050.872000000001,2083.0255000000006,2098.254333333332,2065.1365052649485,2076.167775572659,2092.3137677569607
sh000001,2014-02-28,2040.62,2056.3,2020.94,2058.49,11163790700.0,95684072094.0,0.004370519216510001,2051.162000000001,2080.928500000001,2100.6753333333318,2060.0847578974226,2076.265436159255,2092.892599961234
sh000001,2014-02-27,2045.1,2047.35,2036.39,2068.31,13216385200.0,112876000000.0,0.0029883591165,2062.6400000000017,2080.833000000001,2103.3931666666654,2061.9771368461334,2078.3670610181266,2094.133160952033
sh000001,2014-02-26,2026.61,2041.25,2014.38,2041.63,11011268700.0,96117707808.0,0.0034583297078600002,2080.9260000000017,2080.574500000001,2105.9551666666653,2069.2907052692,2081.632014809513,2095.719207772823
sh000001,2014-02-25,2077.29,2034.22,2026.54,2087.62,14013297800.0,127824000000.0,-0.0204494083362,2101.186000000002,2081.099500000001,2108.318833333332,2083.3110579038,2085.8827532105206,2097.5658346111213
sh000001,2014-02-24,2099.72,2076.69,2058.79,2099.72,12355530800.0,107202000000.0,-0.017508219027099998,2118.1560000000018,2079.804000000001,2110.8504999999986,2107.8565868556993,2091.3209377590056,2099.713407167003
sh000001,2014-02-21,2131.59,2113.69,2098.33,2132.7,11766265100.0,99514289373.0,-0.0117305082986,2129.902000000002,2075.5320000000006,2112.845333333332,2123.4398802835485,2092.8610364704828,2100.4939578946
sh000001,2014-02-20,2152.89,2138.78,2136.48,2177.98,15705227600.0,130938000000.0,-0.00176051572096,2130.3340000000017,2070.0950000000003,2114.3799999999987,2128.3148204253225,2090.668513993687,2100.0465773982532
sh000001,2014-02-19,2116.92,2142.55,2111.17,2152.96,15126124600.0,127818000000.0,0.0110841285736,2122.2580000000016,2064.3410000000003,2115.5104999999985,2123.0822306379832,2085.604147045643,2098.7334069349263
sh000001,2014-02-18,2134.14,2119.07,2113.13,2134.14,14286930800.0,129787000000.0,-0.00765612304868,2115.740000000001,2058.3810000000003,2116.353499999999,2113.3483459569743,2079.6098467346433,2097.2478962551477
sh000001,2014-02-17,2124.88,2135.42,2117.69,2136.45,14024444300.0,126214000000.0,0.00924782876653,2112.660000000001,2053.7695,2117.6559999999986,2110.487518935461,2075.45614639091,2096.5080596847233
sh000001,2014-02-14,2097.32,2115.85,2095.09,2116.19,11151795000.0,97399672623.0,0.00831442607967,2102.7900000000013,2047.4765,2117.662833333332,2098.0212784031914,2069.14416180046,2095.1888186836813
sh000001,2014-02-13,2106.93,2098.4,2096.97,2122.83,14653263400.0,124377000000.0,-0.00547594616947,2088.5200000000013,2042.3490000000002,2117.407166666665,2089.106917604787,2064.22775777944,2094.488334155835
sh000001,2014-02-12,2103.83,2109.96,2096.51,2110.9,12633318600.0,110804000000.0,0.00298715911376,2075.456000000001,2038.8100000000002,2117.232833333332,2084.460376407181,2060.630679650946,2094.3557146627204
sh000001,2014-02-11,2086.18,2103.67,2082.52,2111.06,14221132400.0,125267000000.0,0.00843884688268,2063.4460000000013,2035.529,2117.5129999999986,2071.7105646107707,2055.4381196141826,2093.8266706647037
sh000001,2014-02-10,2049.98,2086.07,2049.98,2087.98,12433183300.0,112723000000.0,0.0203326294927,2050.4140000000016,2032.7115000000001,2117.6096666666654,2055.7308469161558,2050.3610795735467,2093.492942934315
sh000001,2014-02-07,2022.32,2044.5,2014.7,2044.73,7359875500.0,67829921866.0,0.00561413380565,2039.8600000000013,2030.6935,2117.9439999999986,2040.5612703742331,2046.6022458444277,2093.744611429187
sh000001,2014-01-30,2045.93,2033.08,2031.47,2045.93,6261518400.0,58264498308.0,-0.00821058834663,2041.838000000001,2032.6255,2119.3589999999986,2038.5919055613494,2046.8235348806843,2095.4142173604614
sh000001,2014-01-29,2042.18,2049.91,2039.77,2051.58,7386546200.0,67694123639.0,0.0055928022043500005,2043.6580000000013,2036.441,2121.1344999999983,2041.3478583420242,2048.2702227628706,2097.527630459601
sh000001,2014-01-28,2036.4,2038.51,2026.99,2047.13,7252904300.0,65751604445.0,0.00256381252152,2044.0260000000012,2039.7445,2122.923333333332,2037.0667875130362,2048.0976146326448,2099.14209448753
sh000001,2014-01-27,2044.27,2033.3,2029.63,2044.85,8881542600.0,81914219452.0,-0.010266784527999999,2037.9860000000012,2042.6954999999998,2124.775333333332,2036.3451812695541,2049.1068372255622,2101.197823968022
sh000001,2014-01-24,2037.67,2054.39,2034.45,2060.99,9294792100.0,82346176543.0,0.005979884241350001,2029.5760000000014,2046.0929999999996,2126.7129999999984,2037.867771904331,2050.7707148282666,2103.4999131532463
sh000001,2014-01-23,2048.33,2042.18,2039.05,2052.53,8421058500.0,76083326567.0,-0.0046638258383500004,2019.6880000000015,2047.0284999999997,2128.166666666665,2029.6066578564964,2050.3897374417647,2105.1650059746344
sh000001,2014-01-22,2009.97,2051.75,2008.93,2052.34,9889285600.0,84126659381.0,0.021628102790700002,2015.9920000000016,2050.2369999999996,2130.1379999999986,2023.3199867847443,2051.2539203303804,2107.300555032194
sh000001,2014-01-21,1992.02,2008.31,1992.02,2014.15,5984491100.0,52017917403.0,0.008567469829300001,2010.3120000000017,2052.294999999999,2131.4231666666656,2009.1049801771162,2051.201701417788,2109.18404790096
sh000001,2014-01-20,2001.89,1991.25,1984.82,2005.94,5627124700.0,48298781024.0,-0.0068310964518300005,2014.0180000000018,2056.3649999999993,2133.515833333332,2009.5024702656742,2055.716617356558,2112.6043017081292
sh000001,2014-01-17,2017.52,2004.95,2001.33,2017.87,6730572000.0,57039564098.0,-0.00926619100351,2017.6800000000017,2061.0419999999995,2135.8776666666654,2018.628705398511,2062.502577078393,2116.718995134496
sh000001,2014-01-16,2022.54,2023.7,2014.41,2034.71,7275571900.0,62829760799.0,0.000174463315258,2019.3500000000015,2067.1839999999997,2138.5338333333325,2025.4680580977665,2068.5607430867362,2120.5087157162748
sh000001,2014-01-15,2024.23,2023.35,2010.2,2027.41,6743622200.0,57740358255.0,-0.00172386402098,2020.1340000000014,2073.4134999999997,2141.190666666666,2026.3520871466496,2073.2829265696287,2123.7912098561956
sh000001,2014-01-14,2007.16,2026.84,2001.14,2027.43,7036661400.0,56687625248.0,0.00859788491434,2024.3320000000015,2079.8,2144.3123333333324,2027.8531307199744,2078.5390241033706,2127.196900660986
sh000001,2014-01-13,2014.98,2009.56,2000.4,2027.18,6654477600.0,55616750648.0,-0.0018546683104000003,2028.4280000000012,2086.501,2147.685666666666,2028.3596960799614,2083.9810266406776,2130.599763395891
sh000001,2014-01-10,2023.54,2013.3,2008.01,2029.3,7561612100.0,61044553200.0,-0.00706443311426,2035.6580000000017,2095.827,2150.755999999999,2037.759544119942,2091.8148189188196,2134.7039707847575
sh000001,2014-01-09,2041.77,2027.62,2026.45,2057.2,7594188300.0,67605664108.0,-0.00817770038252,2049.6260000000016,2105.3020000000006,2153.676666666666,2049.9893161799127,2100.0795366999528,2138.8205672980384
sh000001,2014-01-08,2047.26,2044.34,2037.11,2062.95,7164736400.0,62941429756.0,-0.00145409821733,2065.9800000000014,2114.1295,2156.434166666666,2061.1739742698687,2107.7068563527882,2142.5912217368755
sh000001,2014-01-07,2034.22,2047.32,2029.25,2052.28,6340293800.0,54638641623.0,0.000786035550511,2080.3080000000014,2123.7870000000003,2159.5853333333325,2069.5909614048032,2114.377051758547,2145.9228163919497
sh000001,2014-01-06,2078.68,2045.71,2034.01,2078.68,8958760800.0,72895394974.0,-0.0179666618022,2090.3500000000013,2133.331,2162.759499999999,2080.726442107205,2121.435688785999,2149.26636880268
sh000001,2014-01-03,2101.54,2083.14,2075.9,2102.17,8449724100.0,72372229162.0,-0.012444847721200001,2101.4580000000014,2142.9010000000003,2165.800166666666,2098.2346631608075,2129.4068139216624,2152.7779313113956
sh000001,2014-01-02,2112.13,2109.39,2101.02,2113.11,6848548600.0,61921354651.0,-0.0031148717047100004,2099.4500000000016,2151.097,2167.596666666666,2105.7819947412113,2134.2770048609837,2155.139357569387
sh000001,2013-12-31,2090.68,2115.98,2087.42,2120.27,8047437500.0,71456281495.0,0.00879558756994,2098.842000000002,2158.2155000000002,2169.302999999999,2103.9779921118165,2136.896689583311,2156.690739149699
sh000001,2013-12-30,2108.88,2097.53,2095.06,2112.01,7408505600.0,63038943336.0,-0.00177132574833,2094.228000000002,2163.55,2170.6733333333327,2097.9769881677244,2139.098446381665,2158.071275656297
sh000001,2013-12-27,2074.59,2101.25,2069.59,2110.36,7675682700.0,66394444690.0,0.0135796698566,2092.664000000002,2169.0420000000004,2171.9589999999994,2098.2004822515864,2143.4740723168184,2160.124308663567
sh000001,2013-12-26,2102.66,2073.1,2070.55,2102.66,7854140800.0,66767122191.0,-0.0157879444766,2089.372000000002,2175.0045,2172.938666666666,2096.675723377379,2147.9187115083337,2162.120838595866
sh000001,2013-12-25,2095.02,2106.35,2088.3,2107.23,6513909600.0,58136846617.0,0.00642599640213,2100.310000000002,2182.318,2174.317166666666,2108.4635850660684,2155.7943653518473,2165.1397301937986
sh000001,2013-12-24,2094.07,2092.91,2079.81,2111.81,7025146700.0,61697067271.0,0.0015303580836900001,2108.698000000002,2187.0540000000005,2175.8533333333326,2109.5203775991026,2160.9990353892717,2167.133446380522
sh000001,2013-12-23,2089.54,2089.71,2068.54,2099.52,6814663600.0,58435623902.0,0.0023565877491999996,2120.332000000002,2191.562000000001,2177.7636666666663,2117.825566398654,2168.166302272944,2169.650597087152
sh000001,2013-12-20,2128.37,2084.79,2082.86,2131.74,8677521200.0,72198200223.0,-0.020207802266400003,2134.562000000002,2196.3825000000006,2179.9524999999994,2131.8833495979807,2176.4248604076897,2172.361674610364
sh000001,2013-12-19,2153.67,2127.79,2126.25,2159.14,7312347900.0,61496944001.0,-0.009539237112389999,2156.820000000002,2201.9620000000004,2181.736833333333,2155.430024396971,2186.070635188418,2175.3315954113114
sh000001,2013-12-18,2150.41,2148.29,2142.62,2156.59,6417358400.0,55420595199.0,-0.00129888302568,2171.822000000002,2205.8610000000003,2182.699666666666,2169.2500365954565,2192.205438893144,2176.943954819266
sh000001,2013-12-17,2161.54,2151.08,2146.31,2165.54,7857893600.0,66921600555.0,-0.0045268992313700004,2182.998000000002,2208.7770000000005,2184.0848333333324,2179.7300548931844,2196.828116671939,2177.915761321394
sh000001,2013-12-16,2197.23,2160.86,2159.99,2201.7,10138759400.0,86422957339.0,-0.016034971483200003,2200.2800000000016,2210.8795,2185.5038333333328,2194.0550823397766,2201.6437079012185,2178.825918744426
sh000001,2013-12-13,2188.26,2196.08,2183.84,2204.64,8510101200.0,72637502087.0,-0.00305112230093,2215.748000000002,2212.6975,2187.082999999999,2210.6526235096644,2205.9367297862022,2179.4352586795035
sh000001,2013-12-12,2199.32,2202.8,2194.9,2214.55,8610867100.0,76003328922.0,-0.00062155028251,2223.954000000002,2209.6850000000004,2187.836166666666,2217.9389352644966,2206.974280290185,2178.8707181384084
sh000001,2013-12-11,2228.63,2204.17,2193.16,2228.63,10947315000.0,94389298201.0,-0.014894354929500002,2232.806000000002,2204.5705000000003,2188.4224999999997,2225.508402896745,2207.4136782155483,2178.0590922491874
sh000001,2013-12-10,2239.86,2237.49,2231.68,2250.5,10904313300.0,95556296184.0,-0.000316325618801,2242.324000000002,2198.7590000000005,2188.561666666666,2236.1776043451173,2207.75511802778,2177.1734534909265
sh000001,2013-12-09,2241.79,2238.2,2231.73,2249.17,9327363900.0,84432480333.0,0.00048813021096900006,2239.360000000002,2193.2230000000004,2186.936666666666,2235.521406517676,2204.625130451055,2175.127575103597
sh000001,2013-12-06,2242.56,2237.11,2228.63,2248.15,10370092900.0,92254759114.0,-0.0044302273679,2233.194000000002,2186.7865000000006,2185.0071666666654,2234.182109776514,2201.090933655554,2172.9881756851782
sh000001,2013-12-05,2252.72,2247.06,2239.14,2255.26,12204841400.0,105837000000.0,-0.00208681024016,2229.8720000000017,2180.2375,2183.1823333333323,2232.718164664771,2197.2994529866796,2170.8131343322025
sh000001,2013-12-04,2219.97,2251.76,2215.92,2260.87,15729294300.0,135498000000.0,0.0130887626143,2224.3340000000017,2174.3545000000004,2181.1164999999987,2225.5472469971564,2192.0615006679022,2168.2267487951003
sh000001,2013-12-03,2196.82,2222.67,2193.25,2227.93,11350641000.0,100777000000.0,0.006930869346379999,2214.1960000000017,2168.7470000000003,2178.5613333333317,2212.4408704957345,2185.7774481045262,2165.39313539414
sh000001,2013-12-02,2203.12,2207.37,2172.63,2231.92,17428199000.0,151936000000.0,-0.00591442303189,2206.2760000000017,2165.4755000000005,2176.4898333333317,2207.3263057436016,2181.8940215877774,2163.450144650289
sh000001,2013-11-29,2221.62,2220.5,2212.26,2224.94,10695905300.0,97834025505.0,0.000510054195511,2202.0260000000017,2162.5885000000003,2174.654166666665,2207.3044586154024,2179.2123396485526,2161.960224382484
sh000001,2013-11-28,2204.38,2219.37,2202.62,2234.39,13445677700.0,119645000000.0,0.00831504677271,2197.202000000002,2159.0415000000003,2172.667499999998,2200.7066879231033,2174.866270135911,2159.9742933028992
sh000001,2013-11-27,2181.73,2201.07,2176.85,2207.62,11538441100.0,102163000000.0,0.00824388373637,2194.4820000000022,2155.1535,2170.7374999999984,2191.3750318846546,2170.1816669899836,2157.9592724815507
sh000001,2013-11-26,2184.33,2183.07,2176.18,2192.58,10046083000.0,84536640855.0,-0.0013915095957899998,2195.5900000000024,2153.123,2168.9941666666655,2186.5275478269814,2166.930263513451,2156.496685893533
sh000001,2013-11-25,2186.06,2186.12,2181.42,2209.15,10828265500.0,96747311934.0,-0.004672692951760001,2197.602000000002,2150.4125,2166.9006666666655,2188.256321740472,2165.231343882252,2155.595126993386
sh000001,2013-11-22,2206.47,2196.38,2188.77,2211.07,11386645700.0,102450000000.0,-0.00425611782936,2199.822000000002,2147.8,2164.917333333332,2189.3244826107075,2163.0325379736387,2154.559472696758
sh000001,2013-11-21,2197.01,2205.77,2177.74,2206.53,13724551600.0,120005000000.0,-0.00038384619323800006,2187.712000000002,2144.629,2162.8603333333317,2185.7967239160607,2159.5222788103533,2153.140534637911
sh000001,2013-11-20,2201.47,2206.61,2186.64,2207.11,11896186100.0,104820000000.0,0.00615012824166,2166.6600000000017,2142.5565,2160.640833333332,2175.810085874091,2154.654097628487,2151.354802479486
sh000001,2013-11-19,2198.32,2193.13,2186.11,2203.3,12508230700.0,115942000000.0,-0.00186326442653,2142.9260000000017,2141.3815000000004,2158.623999999999,2160.410128811136,2149.185055268613,2149.4799185733327
sh000001,2013-11-18,2147.37,2197.22,2143.77,2198.32,15750271400.0,143246000000.0,0.0287439010744,2129.6540000000014,2142.2575000000006,2156.545999999999,2144.050193216704,2144.559271608024,2147.9987630627315
sh000001,2013-11-15,2100.9,2135.83,2100.79,2153.21,12589452000.0,113364000000.0,0.0168154720815,2112.1040000000016,2143.8585000000003,2154.6236666666655,2117.465289825056,2139.0160370342837,2146.3285073490733
sh000001,2013-11-14,2087.12,2100.51,2078.99,2102.38,8379937300.0,72089883154.0,0.00601789035226,2106.1640000000016,2146.7560000000003,2154.0288333333324,2108.2829347375837,2139.3514093540944,2146.6847725019784
sh000001,2013-11-13,2117.89,2087.94,2086.01,2117.91,8825709400.0,73376066494.0,-0.0182581865851,2111.9420000000014,2151.1575000000003,2154.122999999999,2112.1694021063754,2143.439978765342,2148.251763204056
sh000001,2013-11-12,2110.72,2126.77,2108.4,2127.94,7944673100.0,67951266386.0,0.008201582292430001,2122.276000000001,2156.4139999999998,2154.3453333333327,2124.2841031595626,2149.282081802043,2150.298585247016
sh000001,2013-11-11,2103.3,2109.47,2093.63,2117.28,6967829900.0,59934058729.0,0.00158774850709,2128.3700000000013,2161.746,2153.1031666666663,2123.0411547393437,2151.651774627243,2151.0971145105523
sh000001,2013-11-08,2120.92,2106.13,2103.51,2128.58,8309685900.0,70325214666.0,-0.010929369775499999,2136.4020000000014,2168.1609999999996,2152.0269999999996,2129.8267321090157,2156.0919614382537,2152.5099411244146
sh000001,2013-11-07,2136.63,2129.4,2119.19,2141.6,8184261000.0,70177472947.0,-0.00477050224644,2145.0880000000016,2174.2619999999997,2151.037833333333,2141.675098163523,2161.35111528452,2154.084144666619
sh000001,2013-11-06,2149.39,2139.61,2138.78,2166.17,10048734400.0,86547130819.0,-0.00817387031577,2147.5300000000016,2177.3385,2149.8894999999993,2147.8126472452846,2164.714390585162,2154.921997077231
sh000001,2013-11-05,2139.84,2157.24,2124.85,2158.15,9190003100.0,77963321579.0,0.00353827674851,2151.7000000000016,2180.9464999999996,2148.4039999999995,2151.9139708679263,2167.3569580217227,2155.4417544549024
sh000001,2013-11-04,2156.09,2149.63,2143.21,2160.58,7614794100.0,66305997105.0,3.3495195765e-05,2146.024000000002,2182.9945,2146.273666666666,2149.2509563018893,2168.4219009742924,2155.3807111749707
sh000001,2013-11-01,2139.88,2149.56,2132.63,2157.31,8911847700.0,76271865039.0,0.0037112196688999996,2142.8720000000017,2184.2464999999997,2144.2643333333326,2149.0614344528335,2170.399995819675,2155.5759342488745
sh000001,2013-10-31,2155.51,2141.61,2137.47,2155.51,10806302000.0,88638835793.0,-0.00872451877213,2139.552000000002,2184.7699999999995,2141.6683333333326,2148.81215167925,2172.5936795975017,2155.780171096315
sh000001,2013-10-30,2126.69,2160.46,2121.84,2161.94,11964336200.0,95233751781.0,0.0148431276023,2144.094000000002,2185.4799999999996,2139.1424999999995,2152.4132275188745,2175.8551195671857,2156.261263240414
sh000001,2013-10-29,2135.23,2128.86,2093.2,2163.66,14309281100.0,117348000000.0,-0.0023455048084,2148.624000000002,2187.3829999999994,2136.0733333333324,2148.3898412783115,2177.4756584756137,2156.118704212755
sh000001,2013-10-28,2135.88,2133.87,2123.07,2140.96,8840132200.0,77889328547.0,0.00042851349419,2164.982000000002,2191.3164999999995,2134.1064999999994,2158.1547619174667,2182.59309623299,2157.044265045494
sh000001,2013-10-25,2163.69,2132.96,2122.68,2170.61,11392452000.0,99671699060.0,-0.014492760319399998,2184.0560000000014,2195.6749999999993,2132.228166666666,2170.2971428762,2187.7218432304735,2157.831184385115
sh000001,2013-10-24,2178.82,2164.32,2159.87,2183.41,10300895300.0,90001867021.0,-0.00860470879348,2196.220000000002,2198.6194999999993,2130.567666666666,2188.9657143142995,2193.486247812838,2158.6757745812984
sh000001,2013-10-23,2213.27,2183.11,2177.73,2226.85,14634709000.0,125790000000.0,-0.0124601248862,2201.064000000002,2199.6814999999992,2128.5603333333324,2201.288571471449,2196.556379180271,2158.484093125815
sh000001,2013-10-22,2227.34,2210.65,2204.24,2227.34,14913283100.0,134995000000.0,-0.008336933219749999,2203.056000000002,2202.095999999999,2125.5878333333326,2210.377857207173,2197.971787524572,2157.647729667905
sh000001,2013-10-21,2198.11,2229.24,2190.39,2230.29,13669440800.0,123936000000.0,0.016162514016899998,2207.608000000002,2203.374499999999,2121.954499999999,2210.241785810759,2196.637238833011,2155.847510931503
sh000001,2013-10-18,2188.71,2193.78,2184.36,2203.29,10372463100.0,90814173242.0,0.0023933742189999998,2209.314000000002,2204.6929999999993,2118.5238333333323,2200.742678716139,2193.2053692082427,2153.3545736067804
sh000001,2013-10-17,2201.71,2188.54,2183.25,2211.03,12676794400.0,113139000000.0,-0.00206650573578,2216.188000000002,2207.067499999999,2116.042833333332,2204.224018074208,2193.1448817559285,2151.9813404716815
sh000001,2013-10-16,2228.11,2193.07,2183.4,2228.11,15463863700.0,138165000000.0,-0.0180611548608,2216.666000000002,2209.5394999999994,2113.9958333333325,2212.0660271113115,2193.6296061561625,2150.7393711564464
sh000001,2013-10-15,2237.93,2233.41,2221.14,2240.25,15372282500.0,138542000000.0,-0.0019488125024300002,2220.4060000000018,2210.5119999999993,2111.7678333333324,2221.5640406669672,2193.6885120679926,2149.3012108037055
sh000001,2013-10-14,2232.22,2237.77,2226.4,2242.98,16598338600.0,151627000000.0,0.004320632489970001,2213.364000000002,2205.840999999999,2108.5358333333324,2215.641061000451,2189.507302760641,2146.443442278501
sh000001,2013-10-11,2201.41,2228.15,2200.53,2228.87,15689217600.0,142272000000.0,0.0169868580862,2200.7440000000015,2200.073999999999,2105.789499999999,2204.576591500676,2184.4270187717484,2143.340190907281
sh000001,2013-10-10,2214.41,2190.93,2186.48,2214.59,14977589600.0,136575000000.0,-0.00942232213219,2187.1200000000017,2195.047499999999,2102.122499999999,2192.7898872510136,2179.8245996260407,2140.458142208375
sh000001,2013-10-09,2191.39,2211.77,2185.18,2212.35,13087173700.0,117966000000.0,0.0061732354532,2180.096000000002,2191.656499999999,2098.364499999999,2193.7198308765205,2178.655610093608,2138.7428382740522
sh000001,2013-10-08,2171.9,2198.2,2161.49,2200.02,12671020300.0,114992000000.0,0.0108218967059,2177.4460000000017,2185.990499999999,2094.1394999999993,2184.694746314781,2175.1698847764187,2136.2607682992493
sh000001,2013-09-30,2167.73,2174.67,2165.16,2176.3,9281008100.0,88982759154.0,0.00677676714226,2179.3120000000017,2180.999499999999,2090.956166666666,2177.9421194721713,2172.745662072198,2134.15536885123
sh000001,2013-09-27,2150.96,2160.03,2149.59,2165.78,10540178800.0,97811678182.0,0.00195657407498,2188.586000000002,2177.1274999999996,2088.146666666666,2179.5781792082566,2172.5431001805255,2132.7780927858266
sh000001,2013-09-26,2192.23,2155.81,2154.72,2192.23,14041534600.0,125680000000.0,-0.019424930009599998,2194.9500000000016,2174.191,2085.3839999999996,2189.3522688123844,2173.860268653176,2131.8515877016334
sh000001,2013-09-25,2206.23,2198.52,2193.72,2217.97,16021276200.0,143780000000.0,-0.00408420085607,2200.900000000002,2171.5789999999997,2082.8964999999994,2206.123403218576,2175.7602969844243,2131.03697316645
sh000001,2013-09-24,2219.47,2207.53,2187.24,2219.54,16041505500.0,143331000000.0,-0.00608407577698,2207.4760000000015,2166.4764999999998,2079.5084999999995,2209.925104827864,2173.364538699835,2128.7422338362317
sh000001,2013-09-23,2199.36,2221.04,2198.34,2223.07,13317485800.0,121468000000.0,0.0133188797961,2213.2140000000013,2158.973,2075.703166666666,2211.1226572417954,2169.768174232288,2126.0627953137823
sh000001,2013-09-18,2185.94,2191.85,2172.04,2195.9,11511188700.0,101333000000.0,0.00287843847801,2220.1280000000015,2151.277,2071.1859999999997,2206.1639858626927,2164.371139741643,2122.8324260533113
sh000001,2013-09-17,2230.39,2185.56,2184.92,2230.93,15454255500.0,132460000000.0,-0.020543595705099997,2230.0120000000015,2145.3325,2067.180166666666,2213.320978794039,2161.4786280174394,2120.4847299697412
sh000001,2013-09-16,2244.46,2231.4,2226.17,2248.47,15488402000.0,133581000000.0,-0.00215363714702,2240.496000000002,2139.6845000000003,2063.412666666666,2227.2014681910587,2158.943746641762,2118.270874593628
sh000001,2013-09-13,2251.46,2236.22,2228.48,2259.42,17198422900.0,140600000000.0,-0.008595476601620002,2236.720000000002,2132.3945,2058.943333333333,2225.1022022865877,2151.316772223762,2114.4217628757146
sh000001,2013-09-12,2236.17,2255.61,2226.29,2270.27,20971511000.0,167301000000.0,0.0063968253685000006,2217.474000000002,2124.006,2056.2246666666665,2219.5433034298817,2142.379589860053,2110.2771716268494
sh000001,2013-09-11,2244.96,2241.27,2233.0,2258.08,24434945500.0,195428000000.0,0.00146739208144,2190.838000000002,2115.3194999999996,2053.364833333333,2201.5099551448225,2130.4605985930093,2105.3310942770063
sh000001,2013-09-10,2214.81,2237.98,2202.82,2238.55,23720664900.0,191084000000.0,0.0115108772095,2168.1080000000015,2108.263,2051.7344999999996,2181.6299327172337,2118.796450291224,2100.7040959221827
sh000001,2013-09-09,2151.35,2212.52,2151.35,2218.53,21942708600.0,178882000000.0,0.033889363189500005,2145.134000000002,2101.6719999999996,2050.423,2153.4548990758503,2106.2508125462637,2096.030939985555
sh000001,2013-09-06,2119.33,2139.99,2119.02,2143.24,14326066000.0,119152000000.0,0.00827494899714,2122.320000000002,2096.1099999999997,2049.4846666666663,2123.9223486137753,2095.064581368001,2092.064841063822
sh000001,2013-09-05,2125.26,2122.43,2115.24,2127.86,12654410400.0,105776000000.0,-0.00243840764649,2113.998000000002,2091.7224999999994,2049.852166666666,2115.888522920663,2090.335589503195,2090.4328922612144
sh000001,2013-09-04,2121.68,2127.62,2115.75,2133.0,14200038600.0,116457000000.0,0.00212235623933,2108.9580000000014,2087.8459999999995,2050.2843333333326,2112.6177843809946,2086.9572301641174,2089.343158370984
sh000001,2013-09-03,2100.45,2123.11,2095.46,2123.85,13889317500.0,112421000000.0,0.0117534482627,2103.6940000000013,2083.803999999999,2051.672333333333,2105.116676571492,2082.6769381271515,2088.039346686412
sh000001,2013-09-02,2104.09,2098.45,2078.46,2108.68,14915852400.0,121085000000.0,3.1452805066e-05,2099.786000000001,2080.6734999999994,2053.655666666666,2096.1200148572375,2078.420825828705,2086.8445499673617
sh000001,2013-08-30,2097.22,2098.38,2089.1,2114.39,17007564900.0,132056000000.0,0.000550727222184,2099.390000000001,2078.2749999999996,2056.5303333333327,2094.955022285856,2076.3124914194145,2086.4491050707284
sh000001,2013-08-29,2108.44,2097.23,2088.24,2110.89,13326821900.0,105259000000.0,-0.0019387988679400003,2091.2060000000006,2074.8269999999998,2059.430999999999,2093.242533428784,2073.989595431083,2086.0424994761793
sh000001,2013-08-28,2092.31,2101.3,2080.86,2113.82,16139202600.0,132239000000.0,-0.0010772178875199999,2085.184,2071.4189999999994,2062.7979999999993,2091.2488001431757,2071.5432366500195,2085.6611594965343
sh000001,2013-08-27,2095.44,2103.57,2090.43,2105.38,12634196600.0,104592000000.0,0.00338329976904,2079.516,2066.0439999999994,2066.119666666666,2086.2232002147634,2068.4109451973804,2085.1279898051916
sh000001,2013-08-26,2061.42,2096.47,2056.13,2097.34,11993265200.0,99157897686.0,0.0189632060533,2073.322,2060.3684999999996,2069.689333333333,2077.549800322145,2064.709991311064,2084.499130376492
sh000001,2013-08-23,2075.93,2057.46,2029.37,2079.85,11242635100.0,94571635944.0,-0.00467606200692,2071.148,2054.3604999999993,2073.481833333333,2068.0897004832173,2061.366831753695,2084.0908501803456
sh000001,2013-08-22,2069.31,2067.12,2062.37,2083.33,9092830700.0,76018374980.0,-0.0028157789751,2073.3460000000005,2052.0299999999993,2077.8794999999996,2073.4045507248256,2061.7780773031513,2084.999314589504
sh000001,2013-08-21,2076.27,2072.96,2056.91,2076.32,8744599100.0,72860722876.0,0.000176590216613,2076.298000000001,2049.732499999999,2081.6454999999996,2076.5468260872385,2061.2157694971584,2085.6093669395655
sh000001,2013-08-20,2081.97,2072.6,2066.07,2098.98,10738177300.0,89117930477.0,-0.00623656862623,2081.7340000000013,2047.750999999999,2085.238333333333,2078.3402391308573,2059.979534333923,2086.0410664611427
sh000001,2013-08-19,2055.13,2085.6,2052.7,2091.13,9744678300.0,81501386164.0,0.0082912245486,2088.446000000001,2046.3149999999991,2088.6228333333324,2081.2103586962858,2058.651063820238,2086.4998906840547
sh000001,2013-08-16,2075.98,2068.45,2061.65,2198.85,15306332600.0,123125000000.0,-0.0064499394777800005,2091.5820000000012,2042.2729999999992,2092.2361666666657,2079.0155380444285,2055.814332649176,2086.530616654343
sh000001,2013-08-15,2099.28,2081.88,2079.97,2108.41,9939665600.0,84735663149.0,-0.00869324239323,2088.340000000001,2038.4829999999995,2096.180499999999,2084.2983070666423,2054.484261859198,2087.1481150810237
sh000001,2013-08-14,2109.23,2100.14,2093.04,2122.97,11443780200.0,95791169735.0,-0.0028578130015100003,2080.944000000001,2035.5589999999997,2099.815666666666,2085.507460599963,2051.6004986495655,2087.328080177679
sh000001,2013-08-13,2101.32,2106.16,2093.8,2106.4,11770887500.0,96430370026.0,0.0023190593556399997,2070.2720000000013,2032.7979999999995,2102.8611666666657,2078.1911908999446,2046.491074908854,2086.890294621822
sh000001,2013-08-12,2058.42,2101.28,2055.72,2102.35,13512897400.0,116490000000.0,0.0238997970505,2061.1400000000012,2030.7759999999994,2105.2886666666654,2064.206786349917,2040.2101319664607,2086.231666334725
sh000001,2013-08-09,2052.24,2052.24,2030.13,2061.71,9531642300.0,83036019695.0,0.00358942635196,2050.980000000001,2028.6814999999995,2107.3473333333322,2045.670179524875,2033.7817208920392,2085.7171776335467
sh000001,2013-08-08,2044.44,2044.9,2037.25,2058.56,8413329000.0,71954924316.0,-0.0009199825286380001,2046.416000000001,2028.0439999999994,2110.0934999999986,2042.3852692873124,2031.838742836641,2086.862064482772
sh000001,2013-08-07,2056.37,2046.78,2043.75,2069.56,10771259400.0,91260307563.0,-0.00665954865324,2043.2500000000011,2029.4484999999993,2113.3771666666657,2041.1279039309684,2030.4638726392022,2088.2975578751966
sh000001,2013-08-06,2043.65,2060.5,2034.96,2066.74,10558097500.0,88690559153.0,0.0048861706107,2032.654000000001,2027.5159999999992,2116.7113333333323,2038.3018558964523,2028.7463841370404,2089.718286859782
sh000001,2013-08-05,2031.72,2050.48,2025.23,2050.91,8551796800.0,73277096081.0,0.0103788376766,2018.5660000000007,2022.763499999999,2119.585833333332,2027.2027838446782,2025.403895220472,2090.718457042249
sh000001,2013-08-02,2039.51,2029.42,2025.65,2047.08,9359276700.0,78906252081.0,0.00017298590928699998,2003.7320000000007,2018.1529999999989,2122.849499999999,2015.564175767017,2022.7643025935251,2092.096316654903
sh000001,2013-08-01,2000.82,2029.07,1997.06,2029.93,9125668600.0,77395281406.0,0.017688844261599997,2000.0180000000007,2017.0419999999988,2126.285499999999,2008.6362636505255,2022.0637020890813,2094.2432401207675
sh000001,2013-07-31,2000.79,1993.8,1987.88,2015.47,7016060300.0,59394334168.0,0.00187682406194,1998.4380000000008,2015.8934999999988,2129.6538333333324,1998.4193954757882,2021.3261961412798,2096.4764882308546
sh000001,2013-07-30,1981.45,1990.06,1965.36,2006.23,7721978400.0,66157865325.0,0.006961472565479999,2006.344000000001,2015.9169999999983,2133.1821666666656,2000.729093213682,2024.2236943997873,2099.996130557497
sh000001,2013-07-29,1997.84,1976.31,1969.85,1997.84,7868327400.0,65866980367.0,-0.017178804983,2017.1080000000013,2016.7419999999984,2136.2498333333324,2006.063639820523,2027.8198781458002,2103.76606081819
sh000001,2013-07-26,2013.19,2010.85,2000.8,2021.57,7380042900.0,65538619606.0,-0.00510792242528,2022.7980000000014,2017.6884999999984,2139.6098333333325,2020.9404597307841,2033.2419795612495,2108.138506030746
sh000001,2013-07-25,2037.34,2021.17,2016.43,2045.37,9854536600.0,86249516075.0,-0.005977881592210001,2019.1580000000013,2016.1064999999985,2142.750833333332,2025.985689596176,2035.5990343555595,2111.477397494705
sh000001,2013-07-24,2035.69,2033.33,2010.42,2042.77,10665577900.0,93700581451.0,-0.0051602934816,2019.6040000000012,2012.5484999999985,2146.0366666666655,2028.3935343942635,2037.117883149816,2114.5780068217337
sh000001,2013-07-23,2008.96,2043.88,2005.09,2051.53,10951736000.0,92711261462.0,0.019510545391400003,2021.9220000000012,2008.4569999999985,2148.556833333332,2025.925301591395,2037.5166085834271,2117.3687872955106
sh000001,2013-07-22,1977.73,2004.76,1970.64,2005.47,8292219000.0,69649507412.0,0.00607934768208,2026.2900000000013,2004.2384999999988,2151.8616666666658,2016.9479523870923,2036.8467762526418,2119.894184992741
sh000001,2013-07-19,2025.32,1992.65,1990.25,2035.22,10457757100.0,87481519970.0,-0.015196234449400001,2037.216000000001,2002.1624999999985,2155.8596666666654,2023.0419285806381,2040.224340873262,2123.852546527926
sh000001,2013-07-18,2038.4,2023.4,2016.9,2043.37,9213204900.0,76618528707.0,-0.010526562871299999,2046.5840000000012,2006.1849999999984,2159.275499999999,2038.2378928709568,2045.2321813467959,2128.365520835534
sh000001,2013-07-17,2061.19,2044.92,2043.23,2075.81,10325132100.0,87993978106.0,-0.0100681602541,2056.5020000000013,2009.215999999998,2162.115499999999,2045.656839306435,2047.530313367363,2131.9778215521355
sh000001,2013-07-16,2054.6,2065.72,2038.54,2066.36,9673739900.0,82870901045.0,0.0030737257149,2049.144000000001,2014.142499999998,2164.614333333332,2046.0252589596523,2047.805084208855,2134.9753900814944
sh000001,2013-07-15,2046.12,2059.39,2037.25,2076.67,10147035700.0,88023339258.0,0.009759321711450001,2029.0900000000013,2018.820999999998,2166.551333333332,2036.1778884394782,2045.9192959124375,2137.361259747174
sh000001,2013-07-12,2068.04,2039.49,2036.05,2074.86,12117417500.0,102973000000.0,-0.0161626364996,2008.8660000000013,2023.662499999998,2169.007833333332,2024.5718326592173,2044.5013206727708,2140.0488774042633
sh000001,2013-07-11,2011.02,2072.99,2010.4,2092.87,15997077300.0,131049000000.0,0.0323012599807,2002.4080000000017,2029.7899999999984,2172.0088333333324,2017.1127489888258,2045.0288307387439,2143.517055716446
sh000001,2013-07-10,1962.84,2008.13,1960.28,2009.36,8979798100.0,72807806791.0,0.021711014350900004,1989.0300000000018,2033.5584999999985,2174.561166666666,1989.1741234832386,2042.0855335649885,2145.9509033165255
sh000001,2013-07-09,1953.6,1965.45,1946.37,1969.15,6453873300.0,52223185846.0,0.00366700659203,1986.2580000000016,2043.6969999999988,2178.188666666666,1979.6961852248578,2045.659821998383,2150.7099306884124
sh000001,2013-07-08,1983.22,1958.27,1953.12,1983.22,8413649100.0,67187833865.0,-0.024375261247099995,1994.4800000000014,2057.529999999999,2182.2909999999993,1986.8192778372866,2054.10301792224,2157.1110992241756
sh000001,2013-07-05,2006.19,2007.2,2002.37,2021.54,9134522200.0,75137508120.0,0.000548826627612,2001.8740000000012,2073.162999999999,2186.741499999999,2001.0939167559297,2064.190778981621,2163.9860258431286
sh000001,2013-07-04,1982.87,2006.1,1974.1,2022.14,10039418300.0,82685489823.0,0.005932001115200001,1996.2760000000012,2086.423999999999,2190.4171666666657,1998.0408751338946,2070.189857619902,2169.410569869415
sh000001,2013-07-03,1996.51,1994.27,1965.52,1996.54,9346647100.0,76682437035.0,-0.00612590702496,1985.0580000000014,2101.0814999999993,2194.2221666666655,1994.011312700842,2076.936219663969,2175.064811060168
sh000001,2013-07-02,1992.89,2006.56,1978.43,2007.62,8641541800.0,73980843793.0,0.00567249486528,1976.5040000000013,2116.3979999999992,2198.2613333333325,1993.8819690512626,2085.638014305019,2181.328939893468
sh000001,2013-07-01,1965.99,1995.24,1957.57,1995.92,7805139300.0,62711812201.0,0.00810223897866,1967.0940000000014,2131.9574999999995,2202.090333333332,1987.5429535768938,2093.962108120624,2187.388827400069
sh000001,2013-06-28,1935.52,1979.21,1925.65,1987.98,10073796800.0,77513874673.0,0.0149706694263,1960.6940000000013,2148.3964999999994,2207.190666666666,1983.6944303653404,2104.3540363470674,2194.05651023551
sh000001,2013-06-27,1955.13,1950.01,1942.37,1980.54,10581331800.0,84260408505.0,-0.000759417779702,1979.4720000000011,2165.5019999999995,2212.4983333333325,1985.9366455480103,2117.527271262124,2201.517802948966
sh000001,2013-06-26,1954.47,1951.5,1922.82,1959.16,10119252700.0,80892689202.0,-0.00408929180182,2006.2740000000013,2182.6554999999994,2218.7768333333324,2003.8999683220154,2135.1609322653835,2210.2595438028725
sh000001,2013-06-25,1948.32,1959.51,1849.65,1963.57,13815851600.0,104744000000.0,-0.0018983972881500002,2044.6640000000014,2199.506999999999,2225.0564999999992,2030.099952483023,2154.4939819215883,2219.2610684148976
sh000001,2013-06-24,2068.86,1963.24,1958.4,2068.86,10919821500.0,87969841712.0,-0.052993229929200004,2084.6200000000013,2215.314999999999,2231.1353333333323,2065.394928724534,2175.01898702208,2228.305124786413
sh000001,2013-06-21,2058.98,2073.1,2042.88,2085.86,7967322400.0,67440066220.0,-0.0052427494732500005,2123.2160000000013,2232.2729999999992,2237.037499999999,2116.4723930868013,2197.3119626567823,2237.5427041740027
sh000001,2013-06-20,2132.81,2084.02,2082.83,2132.81,7778793000.0,68164538356.0,-0.0277276769177,2141.0040000000013,2243.8734999999992,2240.1096666666654,2138.1585896302017,2210.387198254024,2243.2790300326456
sh000001,2013-06-19,2150.82,2143.45,2115.79,2150.82,7542501600.0,67080569348.0,-0.007334351877539999,2153.872000000001,2254.6719999999996,2242.7096666666653,2165.2278844453026,2223.6893371136193,2248.8400098176603
sh000001,2013-06-18,2158.55,2159.29,2138.35,2161.68,6963227100.0,63582678086.0,0.0014265738806199999,2167.362000000001,2261.6429999999996,2244.9588333333318,2176.116826667954,2232.1358136822723,2252.5237559682814
sh000001,2013-06-17,2165.99,2156.22,2147.03,2169.36,7575779000.0,68440143896.0,-0.00269467600291,2183.926000000001,2266.2689999999993,2246.808666666665,2184.5302400019305,2239.8040254158527,2255.7860411469355
sh000001,2013-06-14,2150.06,2162.04,2142.78,2163.85,7785747200.0,68747761906.0,0.00637045553458,2206.8680000000013,2269.6979999999994,2248.6044999999986,2198.6853600028953,2248.602637272296,2259.273704245839
sh000001,2013-06-13,2190.1,2148.36,2126.22,2190.1,9437109400.0,79714527238.0,-0.028288505394599997,2228.944000000001,2272.4464999999996,2250.680666666665,2217.008040004343,2257.7148296593045,2262.6835229932053
sh000001,2013-06-07,2242.26,2210.9,2205.07,2250.63,8997807700.0,81058352191.0,-0.0139208156602,2259.1220000000008,2277.1244999999994,2253.3844999999983,2251.332060006514,2269.226333278369,2266.697348360519
sh000001,2013-06-06,2264.43,2242.11,2240.07,2266.69,8153869400.0,75261584761.0,-0.0126912706727,2277.062000000001,2278.9209999999994,2255.1796666666646,2271.5480900097705,2275.3662237415356,2268.6587327144857
sh000001,2013-06-05,2270.71,2270.93,2260.87,2276.87,7648330300.0,71142676053.0,-0.0006534895019219999,2292.190000000001,2278.4639999999995,2256.5493333333316,2286.267135014655,2278.8670530798863,2269.5931432448488
sh000001,2013-06-04,2297.1,2272.42,2264.76,2297.1,10189581800.0,92377181551.0,-0.011671621901399998,2302.808000000001,2277.2324999999996,2257.820166666665,2293.9357025219824,2279.702578305269,2269.546030026383
sh000001,2013-06-03,2300.21,2299.25,2294.11,2313.43,9688281400.0,91648607743.0,-0.0005837620267799999,2312.5880000000006,2275.3905,2258.7183333333314,2304.693553782973,2280.4692120984896,2269.4446099383476
sh000001,2013-05-31,2320.74,2300.6,2299.37,2325.53,10816255400.0,100704000000.0,-0.00740114654348,2311.3540000000007,2271.9865,2258.287499999998,2307.4153306744593,2278.4921542211455,2268.3913367162886
sh000001,2013-05-30,2316.25,2317.75,2310.49,2325.72,11191303200.0,103547000000.0,-0.0026970542814499995,2308.940000000001,2267.2315,2259.2693333333314,2310.8229960116887,2276.1648397321896,2267.2514943697524
sh000001,2013-05-29,2323.54,2324.02,2321.17,2334.34,12525072900.0,114312000000.0,0.00116270153422,2300.524000000001,2260.05,2260.066666666665,2307.3594940175326,2271.7870951259583,2265.4617185724514
sh000001,2013-05-28,2293.4,2321.32,2281.47,2322.1,13263299500.0,120353000000.0,0.0123157661082,2296.2000000000007,2252.7445,2259.886666666665,2299.0292410262987,2266.2883957853273,2263.383077856137
sh000001,2013-05-27,2286.66,2293.08,2283.94,2301.7,10732506100.0,99920157617.0,0.00198555144278,2292.958000000001,2246.644,2259.420333333331,2287.883861539448,2260.495014459185,2261.323200478685
sh000001,2013-05-24,2281.45,2288.53,2270.25,2292.6,10144121300.0,92021526802.0,0.00565372701718,2294.340000000001,2242.906,2259.9659999999985,2285.2857923091715,2257.0646358233876,2260.1922535101376
sh000001,2013-05-23,2293.81,2275.67,2274.1,2304.95,12401984400.0,111052000000.0,-0.0116122155852,2293.208000000001,2237.7065,2260.3931666666654,2283.663688463757,2253.7520864838966,2259.181335259266
sh000001,2013-05-22,2303.75,2302.4,2292.43,2314.18,12836002600.0,115290000000.0,-0.00117608066239,2288.4360000000006,2236.0315,2261.231166666665,2287.660532695635,2251.4446253095375,2258.592073801863
sh000001,2013-05-21,2297.11,2305.11,2290.12,2305.3,12417317600.0,113025000000.0,0.00222957878874,2272.916000000001,2233.1434999999997,2262.8108333333316,2280.290799043453,2246.080098963331,2257.0236093785225
sh000001,2013-05-20,2286.33,2299.99,2281.9,2309.39,13915051400.0,128844000000.0,0.0074975798008699995,2255.296000000001,2227.7679999999996,2264.1074999999987,2267.8811985651782,2239.8653973787364,2255.2986763558065
sh000001,2013-05-17,2249.81,2282.87,2248.41,2288.09,12612600600.0,111249000000.0,0.0137951493157,2243.682000000001,2222.4584999999997,2266.1336666666657,2251.8267978477675,2233.535334773102,2253.6923599795464
sh000001,2013-05-16,2221.34,2251.81,2210.77,2252.87,11028437600.0,102255000000.0,0.0121399840075,2236.474000000001,2218.0575,2268.625833333332,2236.305196771651,2228.341162738665,2252.6414955119985
sh000001,2013-05-15,2217.09,2224.8,2213.58,2225.19,7172289300.0,66658263971.0,0.00351238830677,2232.706000000001,2214.564,2271.4044999999987,2228.552795157477,2225.8702070609106,2252.6715062843314
sh000001,2013-05-14,2238.9,2217.01,2205.87,2239.93,8324497500.0,75660470722.0,-0.0111110119897,2237.0060000000008,2213.6629999999996,2274.8991666666657,2230.4291927362146,2225.982888245604,2253.6796714500815
sh000001,2013-05-13,2247.68,2241.92,2231.36,2250.85,8621122400.0,79191481239.0,-0.0021857451673000005,2240.7200000000007,2213.79,2278.501166666666,2237.1387891043214,2226.927660513099,2255.009105498232
sh000001,2013-05-10,2228.82,2246.83,2225.81,2247.67,9033547600.0,81280141888.0,0.00620697716182,2238.5700000000006,2213.0004999999996,2281.6049999999987,2234.748183656482,2225.3490435707986,2255.484762789837
sh000001,2013-05-09,2246.96,2232.97,2221.38,2247.86,9853163700.0,91165292599.0,-0.00593375773494,2230.304000000001,2211.9479999999994,2284.4748333333323,2228.7072754847227,2223.0871365264757,2255.8000461456336
sh000001,2013-05-08,2242.39,2246.3,2235.42,2255.21,9037193300.0,81390848352.0,0.0047974234816599995,2218.534000000001,2210.879,2287.0156666666658,2226.5759132270837,2222.046451816554,2256.6338292188707
sh000001,2013-05-07,2227.86,2235.58,2219.44,2240.26,8645235600.0,79040924815.0,0.0019760968032,2204.8560000000007,2209.8289999999997,2289.285333333333,2216.713869840625,2219.4924070533607,2257.012226681658
sh000001,2013-05-06,2212.5,2231.17,2212.5,2236.07,9226814600.0,81625607393.0,0.0116386465273,2197.6020000000008,2209.4369999999994,2291.3419999999996,2207.280804760937,2217.7982139544915,2257.7991577744247
sh000001,2013-05-03,2179.05,2205.5,2179.05,2222.81,8858346400.0,78315703425.0,0.0144306462882,2195.0320000000006,2209.5984999999996,2293.264333333333,2195.336207141405,2216.3899572206133,2258.779669509901
sh000001,2013-05-02,2170.78,2174.12,2161.14,2179.65,6833793600.0,59877609929.0,-0.001739739714,2190.8400000000006,2211.1544999999996,2294.694333333333,2190.254310712107,2217.5368989042336,2260.7472297974305
sh000001,2013-04-26,2203.89,2177.91,2173.86,2210.58,7667397000.0,65251506871.0,-0.009728064340270001,2204.4500000000007,2214.2635,2296.8356666666664,2198.321466068161,2222.1098768242196,2263.9560037785714
sh000001,2013-04-25,2213.19,2199.31,2191.85,2224.63,9670418800.0,84483236302.0,-0.008570006644670001,2217.7960000000007,2220.431,2299.2189999999996,2208.5271991022432,2226.765621469922,2267.153297130113
sh000001,2013-04-24,2187.35,2218.32,2184.11,2226.12,9160026100.0,78977211750.0,0.0154632238029,2217.4540000000006,2225.349,2301.1495,2213.1357986533653,2229.6578332357994,2269.6824593441897
sh000001,2013-04-23,2242.62,2184.54,2182.81,2242.62,9654131500.0,82217516673.0,-0.0257032364643,2212.550000000001,2230.7690000000002,2302.9811666666665,2210.543697980047,2230.8522690782024,2271.60372075052
sh000001,2013-04-22,2236.4,2242.17,2232.26,2245.12,9523373000.0,82244998209.0,-0.00110217972301,2214.6120000000014,2237.956,2305.19,2223.5455469700764,2235.7316682885225,2274.871885179897
sh000001,2013-04-19,2201.12,2244.64,2200.58,2250.11,10966055600.0,95383012019.0,0.0214056048365,2202.5660000000016,2242.0595000000003,2305.902333333333,2214.233320455108,2235.0532694062463,2276.1039197107953
sh000001,2013-04-18,2181.82,2197.6,2175.44,2206.03,7161692700.0,61888122713.0,0.00173489239656,2194.9940000000015,2245.6960000000004,2306.9833333333327,2199.029980682645,2234.0430210481168,2277.293807749975
sh000001,2013-04-17,2195.03,2193.8,2178.47,2197.51,6831418100.0,59986556162.0,-0.000478393472708,2199.384000000002,2248.6875000000005,2309.1179999999995,2199.744971023969,2237.8838298619494,2280.319489863298
sh000001,2013-04-16,2169.63,2194.85,2165.78,2196.43,7999217800.0,66955845024.0,0.00591399771396,2205.8500000000017,2250.9985,2311.083666666666,2202.71745653596,2242.5305194901953,2283.617735511795
sh000001,2013-04-15,2199.91,2181.94,2177.39,2204.99,7163232300.0,58162177672.0,-0.0112553131712,2212.036000000002,2255.1760000000004,2311.8861666666658,2206.6511848039545,2247.5570377216936,2287.0160388919912
sh000001,2013-04-12,2218.1,2206.78,2204.44,2226.26,6684634000.0,56196878022.0,-0.005754762332780001,2217.9660000000017,2259.593,2313.5814999999993,2219.0067772059974,2254.4755285551373,2291.0563906311404
sh000001,2013-04-11,2236.98,2219.55,2217.27,2242.48,7363270400.0,62132700158.0,-0.00295266305681,2221.6700000000014,2262.4525000000003,2314.724166666666,2225.1201658090454,2259.5052982630336,2294.311783723372
sh000001,2013-04-10,2224.93,2226.13,2212.56,2233.04,8061962100.0,71090219578.0,0.000157697880514,2223.3080000000014,2265.8055,2315.6661666666664,2227.9052487136014,2263.7196276810637,2297.2133729838374
sh000001,2013-04-09,2215.47,2225.78,2215.47,2234.73,8289654400.0,73135035445.0,0.00641302735767,2224.962000000001,2270.0285,2316.6533333333327,2228.792873070418,2267.68527986188,2299.9858195118413
sh000001,2013-04-08,2196.24,2211.59,2180.67,2212.59,8625747000.0,73666169988.0,-0.006157835253299999,2227.130000000001,2274.67,2317.5068333333325,2230.299309605668,2272.107268215636,2302.8948992361466
sh000001,2013-04-03,2232.69,2225.3,2217.25,2241.34,8179526700.0,68801356871.0,-0.00109752484581,2232.072000000001,2280.3050000000003,,2239.6539644088834,2278.494919641412,2306.493400058741
sh000001,2013-04-02,2234.9,2227.74,2220.44,2253.42,8971432300.0,77596667316.0,-0.0029784348783400004,2247.264000000001,2286.3990000000003,,2246.8309466137644,2284.111306675825,2309.711128643403
sh000001,2013-04-01,2229.46,2234.4,2227.31,2243.95,7741177400.0,66997534038.0,-0.000995251318842,2261.250000000001,2291.3275000000003,,2256.376419921523,2290.064954590979,2312.9784073575192
sh000001,2013-03-29,2238.49,2236.62,2228.81,2246.87,8556547300.0,73358185133.0,0.00014264620789200002,2279.714000000001,2293.2775,,2267.3646298837966,2295.9460696533156,2316.1292367517403
sh000001,2013-03-28,2273.55,2236.3,2232.91,2273.55,12765869800.0,107594000000.0,-0.0282267228504,2298.046000000001,2299.422,,2282.7369448288696,2302.216427251619,2319.337279026929
sh000001,2013-03-27,2299.38,2301.26,2289.0,2323.48,9633119500.0,85708419365.0,0.0015624530774400003,2315.634000000001,2305.8865,,2305.955417250497,2309.1863371490917,2322.709420346178
sh000001,2013-03-26,2318.58,2297.67,2281.12,2319.99,10444901500.0,91811327564.0,-0.012483694823,2318.8560000000007,2306.4845,,2308.303125876836,2310.0248554979835,2323.586366406615
sh000001,2013-03-25,2334.74,2326.72,2319.91,2344.89,9703152600.0,85418622369.0,-0.000671311587362,2310.808000000001,2306.2680000000005,,2313.6196888189593,2311.3325493406537,2324.6533950799976
sh000001,2013-03-22,2321.4,2328.28,2314.97,2332.0,10116729900.0,85951321520.0,0.0017364801083499999,2293.468000000001,2306.2230000000004,,2307.06953322159,2309.702924481611,2324.567685393154
sh000001,2013-03-21,2318.21,2324.24,2311.6,2330.81,11920091000.0,104786000000.0,0.00296369942875,2283.492000000001,2305.5170000000003,,2296.4642998157524,2307.734233148532,2324.4125468579887
sh000001,2013-03-20,2257.74,2317.37,2257.42,2317.86,13124128400.0,113974000000.0,0.026552271295599998,2272.700000000001,2305.6025,,2282.576449690958,2305.983802475124,2324.4198149930576
sh000001,2013-03-19,2244.27,2257.43,2232.02,2261.31,8758210500.0,75512072273.0,0.00777583731545,2262.020000000001,2309.593,,2265.1796744750472,2304.7753498690945,2324.719234589847
sh000001,2013-03-18,2267.29,2240.02,2239.21,2276.05,9312277200.0,81486175707.0,-0.0168473416225,2267.8560000000007,2315.8669999999997,,2269.0545117330807,2309.804634569089,2327.601856230629
sh000001,2013-03-15,2269.32,2278.4,2250.01,2312.08,11647781300.0,101578000000.0,0.00357841796398,2281.9700000000007,2324.944,,2283.5717677148837,2317.2246849132907,2331.387647579371
sh000001,2013-03-14,2255.78,2270.28,2253.31,2276.22,8029408600.0,69218592825.0,0.0027867001653699994,2290.012000000001,2332.644,,2286.157651603122,2321.357230190759,2333.699643353724
sh000001,2013-03-13,2282.17,2263.97,2253.25,2286.33,9097278800.0,77688955841.0,-0.009899829660129998,2300.8140000000008,2340.0564999999997,,2294.0964775465036,2326.800362977298,2336.494017219164
sh000001,2013-03-12,2309.16,2286.61,2264.83,2333.29,11766445600.0,100637000000.0,-0.010381750485700001,2317.456000000001,2348.582,,2309.159716723395,2333.5047280942226,2339.722355483446
sh000001,2013-03-11,2314.68,2310.59,2296.58,2320.96,8411190300.0,73919947382.0,-0.003458104874,2325.3960000000006,2355.908,,2320.43457553828,2338.5158976978532,2342.111969473498
sh000001,2013-03-08,2326.42,2318.61,2314.59,2333.67,9879414800.0,88438607018.0,-0.00244461434079,2317.9580000000005,2361.7859999999996,,2325.356863604193,2341.5048312949134,2343.546105172571
sh000001,2013-03-07,2340.44,2324.29,2304.27,2352.02,13975634800.0,126086000000.0,-0.00975042806705,2326.1380000000004,2366.8064999999997,,2328.7302957113748,2343.959624802594,2344.6939202985186
sh000001,2013-03-06,2333.62,2347.18,2321.6,2351.44,14133369200.0,125365000000.0,0.00897259431906,2334.398,2369.8629999999994,,2330.9504438682397,2346.072746244197,2345.644652051109
sh000001,2013-03-05,2274.81,2326.31,2270.1,2328.14,13113659800.0,116721000000.0,0.0232699511393,2327.606,2371.6279999999997,,2322.835664151125,2345.953534809792,2345.572191632008
sh000001,2013-03-04,2332.08,2273.4,2259.25,2333.54,16175002500.0,143047000000.0,-0.036491536787800004,2321.012,2373.2614999999996,,2321.098495696456,2348.0735274070876,2346.4935170457593
sh000001,2013-03-01,2364.54,2359.51,2330.86,2369.65,12031275200.0,111531000000.0,-0.0025731391663699997,2331.496,2376.917,,2344.9477544638517,2356.1540256362878,2350.039033862068
sh000001,2013-02-28,2322.32,2365.59,2308.92,2366.16,12695049400.0,115918000000.0,0.022640734560500003,2322.4260000000004,2373.5065,,2337.666626695379,2355.789798552945,2349.5728190526725
sh000001,2013-02-27,2297.77,2313.22,2292.03,2324.63,9782488700.0,88262924234.0,0.00866813962686,2314.4980000000005,2370.357,,2323.7049256605305,2354.7226862868465,2348.772089234408
sh000001,2013-02-26,2313.74,2293.34,2289.89,2340.71,11763866700.0,105917000000.0,-0.013964113286500001,2331.2900000000004,2370.7415,,2328.9473965915313,2359.2582146688687,2350.57847820625
sh000001,2013-02-25,2320.62,2325.82,2315.01,2338.78,8836737400.0,77642340941.0,0.00503637598718,2349.2040000000006,2371.8315000000002,,2346.7511361531606,2366.491012560336,2353.5367735996506
sh000001,2013-02-22,2322.94,2314.16,2308.76,2330.88,9698182800.0,87579820983.0,-0.0050676046056000006,2368.3520000000003,2371.9515,,2357.216740615822,2370.973586374611,2354.995217532153
sh000001,2013-02-21,2378.82,2325.95,2309.17,2378.82,14405947800.0,126628000000.0,-0.0297128540309,2392.0000000000005,2372.097,,2378.745223196816,2377.2664854246864,2357.1849423328954
sh000001,2013-02-20,2383.49,2397.18,2370.61,2397.94,11028057700.0,97222298954.0,0.00598594829692,2410.5160000000005,2370.0450000000005,,2405.14304129592,2382.9819434131346,2358.8935702762597
sh000001,2013-02-19,2420.27,2382.91,2373.54,2427.08,12347333400.0,106331000000.0,-0.0159583210479,2417.976,2365.6610000000005,,2409.1246086634474,2381.390884584675,2356.7547115483153
sh000001,2013-02-18,2441.91,2421.56,2415.43,2444.8,11617499400.0,103657000000.0,-0.004458144665229999,2428.02,2362.7995,,2422.232143700184,2381.219484602706,2355.2607378432176
sh000001,2013-02-08,2416.62,2432.4,2414.4,2443.03,10907038600.0,98965224617.0,0.0057357154966000004,2429.338,2357.3085,,2422.5682244232844,2376.633214206092,2351.383737392278
sh000001,2013-02-07,2430.69,2418.53,2394.22,2433.89,12000863400.0,109335000000.0,-0.00655048291687,2426.6620000000003,2347.8385000000003,,2417.652141947599,2370.239273549701,2346.52674695866
sh000001,2013-02-06,2432.68,2434.48,2427.7,2441.73,11657996600.0,104584000000.0,0.000553607904222,2420.04,2341.0950000000003,,2417.213186846064,2364.650006962367,2342.0946258855292
sh000001,2013-02-05,2411.0,2433.13,2403.3,2437.42,15075450500.0,127096000000.0,0.0020492934138499996,2409.6400000000003,2333.1380000000004,,2408.5790109226796,2356.482152104245,2336.2461480512998
sh000001,2013-02-04,2425.92,2428.15,2417.59,2440.38,16755140200.0,152534000000.0,0.0037759092525100004,2394.81,2325.2850000000008,,2396.301875456688,2347.410650401961,2329.9270682829588
sh000001,2013-02-01,2377.41,2419.02,2369.57,2421.15,14081817200.0,125555000000.0,0.014084719601,2378.482,2318.1455000000005,,2380.3746199969055,2337.7281651828453,2323.313479056003
sh000001,2013-01-31,2383.43,2385.42,2371.23,2391.82,13970789200.0,116205000000.0,0.00123694897113,2352.9379999999996,2311.044000000001,,2361.046117360664,2327.834385594333,2316.646418523247
sh000001,2013-01-30,2360.75,2382.48,2347.89,2383.76,14987890700.0,124856000000.0,0.009961097543549999,2336.374,,,2348.8536761162227,2320.708643217814,2311.6778554289594
sh000001,2013-01-29,2347.22,2358.98,2337.35,2363.8,14185393400.0,124917000000.0,0.00531513889806,2324.06,,,2332.029130022136,2312.921046413132,2306.3587676814277
sh000001,2013-01-28,2295.35,2346.51,2295.35,2346.92,12838376000.0,116916000000.0,0.0240915216837,2315.292,,,2318.540004120408,2306.9909384214584,2302.2355495260267
sh000001,2013-01-25,2300.0,2291.3,2288.26,2308.38,9260574100.0,80267388572.0,-0.00490489438452,2311.6339999999996,,,2304.5336824124324,2301.7804644579664,2298.6049461391053
sh000001,2013-01-24,2320.26,2302.6,2287.3,2362.94,16103167400.0,135604000000.0,-0.00789043612616,2316.7879999999996,,,2311.1656688091675,2303.200020797167,2299.234239439316
sh000001,2013-01-23,2308.52,2320.91,2296.49,2325.12,11817972200.0,96956218661.0,0.00249315483865,2313.2499999999995,,,2315.4632244363634,2303.2838218299503,2298.9283076927295
sh000001,2013-01-22,2326.49,2315.14,2301.3,2335.81,14946658400.0,123370000000.0,-0.0056188823999100005,2310.968,,,2312.7257709861296,2300.7343856715793,2296.809510605395
sh000001,2013-01-21,2321.49,2328.22,2305.1,2329.58,13468045800.0,113016000000.0,0.00481254342769,2313.076,,,2311.5092805658537,2298.565361702662,2294.924877589988
sh000001,2013-01-18,2295.81,2317.07,2285.97,2324.51,12543802600.0,105392000000.0,0.014075396438100001,2309.7799999999997,,,2303.0561945527966,2293.888436104466,2291.248294395977
sh000001,2013-01-17,2305.14,2284.91,2275.88,2305.6,11910183500.0,103214000000.0,-0.0106473308713,2294.966,,,2295.9256370529947,2290.030025797968,2288.160673810504
sh000001,2013-01-16,2322.16,2309.5,2279.51,2326.76,15351116700.0,133108000000.0,-0.00695838898009,2294.716,,,2301.580552918471,2290.9377532004783,2288.5857946783935
sh000001,2013-01-15,2312.47,2325.68,2309.32,2332.78,16564598100.0,141014000000.0,0.0060309550382,2287.884,,,2297.460053925456,2287.3914305560315,2285.5572399898415
sh000001,2013-01-14,2236.29,2311.74,2235.11,2317.62,14474988900.0,123615000000.0,0.0306478341255,2277.962,,,2282.4729188926663,2279.3899654939596,2279.0223358314174
sh000001,2013-01-11,2285.19,2243.0,2234.95,2290.21,12506827500.0,101551000000.0,-0.017805205508,2272.686,,,2266.431037593985,2271.847230129772,2272.9044718871746
sh000001,2013-01-10,2274.38,2283.66,2268.65,2295.48,12006667600.0,98236402918.0,0.0036557173872899997,2279.484,,,2279.9233175355453,2279.5596453487,2279.5071037033854
sh000001,2013-01-09,2271.3,2275.34,2259.05,2283.9,12201492400.0,102823000000.0,-0.000320728272856,,,,2277.5950769230776,2278.251335411472,2278.3794284458
sh000001,2013-01-08,2284.65,2276.07,2262.98,2289.14,12290787700.0,106429000000.0,-0.00406674822917,,,,2279.197368421053,2279.432889258951,2279.462022034996
sh000001,2013-01-07,2271.66,2285.36,2266.86,2293.32,11816281300.0,96872865891.0,0.0036767805947500003,,,,2282.0120000000006,2281.3842500000005,2281.244749999999
sh000001,2013-01-04,2289.51,2276.99,2256.56,2296.11,13946993100.0,114628000000.0,0.00346564847818,,,,2276.9900000000002,2276.99,2276.9899999999975
